#
# A fatal error has been detected by the Java Runtime Environment:
#
#  EXCEPTION_ACCESS_VIOLATION (0xc0000005) at pc=0x00007ffcf2d16e1a, pid=26216, tid=29388
#
# JRE version: OpenJDK Runtime Environment Temurin-25.0.4.1+1 (25.0.4.1+1) (build 25.0.4.1+1-LTS)
# Java VM: OpenJDK 64-Bit Server VM Temurin-25.0.4.1+1 (25.0.4.1+1-LTS, mixed mode, sharing, tiered, compressed oops, compressed class ptrs, g1 gc, windows-amd64)
# Problematic frame:
# V  [jvm.dll+0x3f6e1a]
#
# No core dump will be written. Minidumps are not enabled by default on client versions of Windows
#
# If you would like to submit a bug report, please visit:
#   https://github.com/adoptium/adoptium-support/issues
#

---------------  S U M M A R Y ------------

Command Line: -Darchitectury.main.class=D:\MINECRAFT MODDING\spore_nexus-26.2-multiloader\neoforge\.gradle\architectury\.main_class -Darchitectury.properties=D:\MINECRAFT MODDING\spore_nexus-26.2-multiloader\neoforge\.gradle\architectury\.properties -Darchitectury.runtime.transformer=D:\MINECRAFT MODDING\spore_nexus-26.2-multiloader\neoforge\.gradle\architectury\.transforms -Dfabric.dli.config=D:\MINECRAFT@@0020MODDING\spore_nexus-26.2-multiloader\.gradle\loom-cache\projects\neoforge\launch.cfg -Dfabric.dli.env=client -Dfabric.dli.main=net.neoforged.fml.startup.Client -Djdk.attach.allowAttachSelf=true --sun-misc-unsafe-memory-access=allow --enable-native-access=ALL-UNNAMED --add-opens=java.base/java.lang.invoke=ALL-UNNAMED --add-exports=jdk.naming.dns/com.sun.jndi.dns=java.naming -javaagent:D:\MINECRAFT MODDING\spore_nexus-26.2-multiloader\.gradle\architectury\architectury-transformer-agent.jar -XX:StackShadowPages=32 --sun-misc-unsafe-memory-access=allow --enable-native-access=ALL-UNNAMED -Dfile.encoding=UTF-8 -Duser.country=FR -Duser.language=fr -Duser.variant dev.architectury.transformer.TransformerRuntime

Host: 12th Gen Intel(R) Core(TM) i7-12700H, 20 cores, 47G,  Windows 11 , 64 bit Build 22621 (10.0.22621.5415)
Time: Sat Oct  3 14:56:18 2026 elapsed time: 8.679896 seconds (0d 0h 0m 8s)

---------------  T H R E A D  ---------------

Current thread (0x000001dcb33147e0):  WorkerThread "GC Thread#11"   [id=29388, stack(0x000000755ba00000,0x000000755bb00000) (1024K)]

Stack: [0x000000755ba00000,0x000000755bb00000],  sp=0x000000755baff7b0,  free space=1021k
Native frames: (J=compiled Java code, j=interpreted, Vv=VM code, C=native code)
V  [jvm.dll+0x3f6e1a]  (no source info available)
V  [jvm.dll+0x3f9f48]  (no source info available)
V  [jvm.dll+0x3f9c37]  (no source info available)
V  [jvm.dll+0x40e7d9]  (no source info available)
V  [jvm.dll+0x40ec1a]  (no source info available)
V  [jvm.dll+0x40ed07]  (no source info available)
V  [jvm.dll+0x40fe07]  (no source info available)
V  [jvm.dll+0xa2f801]  (no source info available)
V  [jvm.dll+0x99cb1d]  (no source info available)
V  [jvm.dll+0x7aa025]  (no source info available)
C  [ucrtbase.dll+0x29333]  (no source info available)
C  [KERNEL32.DLL+0x1259d]  (no source info available)
C  [ntdll.dll+0x5af78]  (no source info available)


siginfo: EXCEPTION_ACCESS_VIOLATION (0xc0000005), reading address 0x0000000008000000


Registers:
RAX=0x000001dcaafcdd5f, RBX=0x0000000599ddc670, RCX=0x0000000000000030, RDX=0x0000000008000000
RSP=0x000000755baff7b0, RBP=0x000000755baff840, RSI=0x000001dc839c7780, RDI=0x000001dccc5107e0
R8 =0x000001dc839b8c40, R9 =0x0000000000000000, R10=0x0000000000000000, R11=0x0000000000000000
R12=0x0000000000000000, R13=0x000001dccc5107e0, R14=0x0000000000000b0e, R15=0x0000000000000000
RIP=0x00007ffcf2d16e1a, EFLAGS=0x0000000000010246

XMM[0]=0x0000010100183268 0x0000000000000011
XMM[1]=0x0000000000000000 0x0000000000000000
XMM[2]=0xa51a2b4400000000 0xa51a2b4400000000
XMM[3]=0xa51a2b4400000000 0x0000000000000000
XMM[4]=0x0000000000000000 0xa51a2b4400000000
XMM[5]=0x0000000000000000 0xa51a2b4400000000
XMM[6]=0x0000000000000000 0x00000000052a8619
XMM[7]=0x0000000000000000 0x0000000000000000
XMM[8]=0x0000000000000000 0x0000000000000000
XMM[9]=0x0000000000000000 0x0000000000000000
XMM[10]=0x0000000000000000 0x0000000000000000
XMM[11]=0x0000000000000000 0x0000000000000000
XMM[12]=0x0000000000000000 0x0000000000000000
XMM[13]=0x0000000000000000 0x0000000000000000
XMM[14]=0x0000000000000000 0x0000000000000000
XMM[15]=0x0000000000000000 0x0000000000000000
  MXCSR=0x00001fa0


Register to memory mapping:

RAX=0x000001dcaafcdd5f points into unknown readable memory: 00
RBX=0x0000000599ddc670 is pointing into object: com.mojang.datafixers.types.templates.Tag$TagType 
{0x0000000599ddc660} - klass: 'com/mojang/datafixers/types/templates/Tag$TagType' - flags: 

 - ---- fields (total size 4 words):
 - private 'template' 'Lcom/mojang/datafixers/types/templates/TypeTemplate;' @12  null (0x00000000)
 - private 'codec' 'Lcom/mojang/serialization/Codec;' @16  
[error occurred during error reporting (printing register info), id 0xc0000005, EXCEPTION_ACCESS_VIOLATION (0xc0000005) at pc=0x00007ffcf30b4b1d]
RCX=0x0000000000000030 is an unknown value
RDX=0x0000000008000000 is an unknown value
RSP=0x000000755baff7b0 points into unknown readable memory: 0x000001dc839c7780 | 80 77 9c 83 dc 01 00 00
RBP=0x000000755baff840 points into unknown readable memory: 0x000001dcae387b98 | 98 7b 38 ae dc 01 00 00
RSI=0x000001dc839c7780 points into unknown readable memory: 0x0000000000000000 | 00 00 00 00 00 00 00 00
RDI=0x000001dccc5107e0 points into unknown readable memory: 0x00007ffcf34a08c8 | c8 08 4a f3 fc 7f 00 00
R8 =0x000001dc839b8c40 points into unknown readable memory: 0x00007ffcf34974f0 | f0 74 49 f3 fc 7f 00 00
R9 =0x0 is null
R10=0x0 is null
R11=0x0 is null
R12=0x0 is null
R13=0x000001dccc5107e0 points into unknown readable memory: 0x00007ffcf34a08c8 | c8 08 4a f3 fc 7f 00 00
R14=0x0000000000000b0e is an unknown value
R15=0x0 is null

Top of Stack: (sp=0x000000755baff7b0)
0x000000755baff7b0:   000001dc839c7780 000000000000ff00   .w..............
0x000000755baff7c0:   0000000000000b0d 0000000599ddc654   ........T.......
0x000000755baff7d0:   0000000599ddc671 00007ffcf2d19f48   q.......H.......
0x000000755baff7e0:   000001dccc000000 000001dccc5107e0   ..........Q.....
0x000000755baff7f0:   000000755baff840 0000000000000003   @..[u...........
0x000000755baff800:   0000000000000009 0000000000000018   ................
0x000000755baff810:   000001dcb4e21eb0 00007ffcf2d1904e   ........N.......
0x000000755baff820:   000001dcae387b98 00007ffcf2cf1d50   .{8.....P.......
0x000000755baff830:   00000cdb00000ad7 000000000000000b   ................
0x000000755baff840:   000001dcae387b98 000001dcb335f2a0   .{8.......5.....
0x000000755baff850:   0000000000000003 000001dccc5107e0   ..........Q.....
0x000000755baff860:   000001dc814ab280 000001dcb36db9ba   ..J.......m.....
0x000000755baff870:   000000755baff950 00007ffcf2d19c37   P..[u...7.......
0x000000755baff880:   000001dcb36db9ba 000001dc814ab280   ..m.......J.....
0x000000755baff890:   000000755baff950 00007ffcf32c9197   P..[u.....,.....
0x000000755baff8a0:   00000cd400000ad7 00007ffcf32c9197   ..........,.....
0x000000755baff8b0:   0000000000000014 00007ffcf2d0529c   .........R......
0x000000755baff8c0:   000001dcb36db9ba 000000755a2feff0   ..m......./Zu...
0x000000755baff8d0:   0000000000000000 000000000000000a   ................
0x000000755baff8e0:   000000755baff9c0 00007ffcf2d2e7d9   ...[u...........
0x000000755baff8f0:   00000000052a8611 00007ffcf349c748   ..*.....H.I.....
0x000000755baff900:   000000755baff950 000000755baff9c0   P..[u......[u...
0x000000755baff910:   000000755a2feff0 00007ffcf30c392f   ../Zu.../9......
0x000000755baff920:   0000000000000000 0000000000000000   ................
0x000000755baff930:   000000755b000000 0000000000000012   ...[u...........
0x000000755baff940:   00007ffc00000000 00007ffcf32c9197   ..........,.....
0x000000755baff950:   000001dcae387b98 000001dcb335f2a0   .{8.......5.....
0x000000755baff960:   00000000000003d8 000001dcae387f70   ........p.8.....
0x000000755baff970:   000000000000000a 00007ffcf2d2ec1a   ................
0x000000755baff980:   000001dccc5107e0 0000000000000014   ..Q.............
0x000000755baff990:   000000755a2feff0 000001dc8398b4f0   ../Zu...........
0x000000755baff9a0:   000000000000000a 0000000000000000   ................

Instructions: (pc=0x00007ffcf2d16e1a)
  0x00007ffcf2d16d1a:   8b 74 24 30 48 8b 5c 24 48 48 83 c4 20 5f e9 43
  0x00007ffcf2d16d2a:   28 00 00 8b 0d dd aa a1 00 49 8b c1 48 33 c3 48
  0x00007ffcf2d16d3a:   d3 e8 48 85 c0 74 60 0f b6 42 02 4c 8b c3 48 8d
  0x00007ffcf2d16d4a:   54 24 40 88 44 24 42 48 8b cf 66 89 74 24 40 e8
  0x00007ffcf2d16d5a:   72 03 00 00 83 7f 20 01 74 3d 40 84 f6 74 38 48
  0x00007ffcf2d16d6a:   8b 7f 18 8b 0d 6d d0 a0 00 48 d3 eb 48 8b 47 58
  0x00007ffcf2d16d7a:   48 03 58 30 48 8b 50 28 48 2b da 48 39 9f b0 01
  0x00007ffcf2d16d8a:   00 00 74 13 48 03 d3 48 8d 4f 18 e8 96 72 00 00
  0x00007ffcf2d16d9a:   48 89 9f b0 01 00 00 48 8b 74 24 30 48 8b 5c 24
  0x00007ffcf2d16daa:   48 48 83 c4 20 5f c3 cc cc cc cc cc cc cc cc cc
  0x00007ffcf2d16dba:   cc cc cc cc cc cc 48 89 5c 24 10 57 48 83 ec 20
  0x00007ffcf2d16dca:   48 8b f9 48 8b da 8b 0d 52 12 a1 00 8b 12 48 d3
  0x00007ffcf2d16dda:   e2 4c 8b 47 08 48 03 15 3a 12 a1 00 48 8b c2 41
  0x00007ffcf2d16dea:   8b 88 88 06 00 00 48 d3 e8 48 8d 0c 40 49 8b 80
  0x00007ffcf2d16dfa:   78 06 00 00 44 0f b7 0c 01 44 0f b6 54 01 02 66
  0x00007ffcf2d16e0a:   44 89 4c 24 30 80 7c 24 31 00 0f 8c 36 01 00 00
=>0x00007ffcf2d16e1a:   4c 8b 02 41 0f b6 c0 24 07 3c 03 72 13 41 0f b6
  0x00007ffcf2d16e2a:   c0 49 83 e0 fc c0 e8 02 a8 01 4c 0f 45 c2 eb 21
  0x00007ffcf2d16e3a:   66 44 89 4c 24 30 48 8b cf 4d 8b c8 44 88 54 24
  0x00007ffcf2d16e4a:   32 4c 8b c2 48 8d 54 24 30 e8 18 1b 00 00 4c 8b
  0x00007ffcf2d16e5a:   c0 8b 0d c7 11 a1 00 49 8b d0 48 2b 15 b5 11 a1
  0x00007ffcf2d16e6a:   00 48 d3 ea 89 13 49 8b d0 8b 0d 97 a9 a1 00 48
  0x00007ffcf2d16e7a:   33 d3 48 d3 ea 48 85 d2 0f 84 c8 00 00 00 48 8b
  0x00007ffcf2d16e8a:   47 08 48 8b d3 8b 88 88 06 00 00 4c 8b 88 78 06
  0x00007ffcf2d16e9a:   00 00 48 d3 ea 49 8d 04 51 0f b7 04 02 66 89 44
  0x00007ffcf2d16eaa:   24 30 80 7c 24 31 fe 0f 84 99 00 00 00 49 d3 e8
  0x00007ffcf2d16eba:   4b 8d 0c 41 42 0f b7 04 01 66 89 44 24 30 80 7c
  0x00007ffcf2d16eca:   24 31 00 7c 46 48 8b 47 58 8b 0d 07 cf a0 00 48
  0x00007ffcf2d16eda:   d3 eb 48 03 58 30 48 8b 50 28 48 2b da 48 39 9f
  0x00007ffcf2d16eea:   b0 01 00 00 74 60 48 03 d3 48 8d 4f 18 e8 34 71
  0x00007ffcf2d16efa:   00 00 48 ff 87 88 02 00 00 48 89 9f b0 01 00 00
  0x00007ffcf2d16f0a:   48 8b 5c 24 38 48 83 c4 20 5f c3 42 80 3c 01 00


Stack slot to memory mapping:

stack at sp + 0 slots: 0x000001dc839c7780 points into unknown readable memory: 0x0000000000000000 | 00 00 00 00 00 00 00 00
stack at sp + 1 slots: 0x000000000000ff00 is an unknown value
stack at sp + 2 slots: 0x0000000000000b0d is an unknown value
stack at sp + 3 slots: 0x0000000599ddc654 is pointing into object: com.mojang.datafixers.types.templates.Sum$SumType 
{0x0000000599ddc640} - klass: 'com/mojang/datafixers/types/templates/Sum$SumType' - flags: 

 - ---- fields (total size 4 words):
 - private 'template' 'Lcom/mojang/datafixers/types/templates/TypeTemplate;' @12  null (0x00000000)
 - private 'codec' 'Lcom/mojang/serialization/Codec;' @16  null (0x00000000)
 - protected final 'first' 'Lcom/mojang/datafixers/types/Type;' @20  a 'com/mojang/datafixers/types/templates/Tag$TagType'{0x0000000599ddc660} (0xb33bb8cc)
 - protected final 'second' 'Lcom/mojang/datafixers/types/Type;' @24  a 'com/mojang/datafixers/types/constant/EmptyPart'{0x0000000528d13fb0} (0xa51a27f6)
 - private 'hashCode' 'I' @28  -1058209604 (0xc0ed00bc)
stack at sp + 4 slots: 0x0000000599ddc671 is pointing into object: com.mojang.datafixers.types.templates.Tag$TagType 
{0x0000000599ddc660} - klass: 'com/mojang/datafixers/types/templates/Tag$TagType' - flags: 

 - ---- fields (total size 4 words):
 - private 'template' 'Lcom/mojang/datafixers/types/templates/TypeTemplate;' @12  null (0x00000000)
 - private 'codec' 'Lcom/mojang/serialization/Codec;' @16  
[error occurred during error reporting (inspecting top of stack), id 0xc0000005, EXCEPTION_ACCESS_VIOLATION (0xc0000005) at pc=0x00007ffcf30b4b1d]
stack at sp + 5 slots: 0x00007ffcf2d19f48 jvm.dll
stack at sp + 6 slots: 0x000001dccc000000 points into unknown readable memory: 0x0000000000000000 | 00 00 00 00 00 00 00 00
stack at sp + 7 slots: 0x000001dccc5107e0 points into unknown readable memory: 0x00007ffcf34a08c8 | c8 08 4a f3 fc 7f 00 00


---------------  P R O C E S S  ---------------

Threads class SMR info:
_java_thread_list=0x000001dcc7a28910, length=91, elements={
0x000001dc839a66c0, 0x000001dcab18c7e0, 0x000001dcab18d0f0, 0x000001dcab18ea10,
0x000001dcab18f5d0, 0x000001dcab190190, 0x000001dcab192d60, 0x000001dcab1943f0,
0x000001dcab195130, 0x000001dcae3072b0, 0x000001dcae418350, 0x000001dcae4471b0,
0x000001dcaed6ea50, 0x000001dcb33291a0, 0x000001dcb332a170, 0x000001dcb332a930,
0x000001dcb332b0f0, 0x000001dcb332c0c0, 0x000001dcb3359350, 0x000001dcb331ecb0,
0x000001dcb331f480, 0x000001dcb3318720, 0x000001dcb3319e90, 0x000001dcb3240800,
0x000001dcb3240030, 0x000001dcb323f090, 0x000001dcb32417a0, 0x000001dcb323f860,
0x000001dcb3244680, 0x000001dcb3244e50, 0x000001dcb32436e0, 0x000001dcb3243eb0,
0x000001dcb32465c0, 0x000001dcb32b6000, 0x000001dcb361dd40, 0x000001dcb3620450,
0x000001dcb361ae60, 0x000001dcb3622390, 0x000001dcb361b630, 0x000001dcb36213f0,
0x000001dcb361e510, 0x000001dcb361be00, 0x000001dcb361c5d0, 0x000001dcb361ece0,
0x000001dcb361cda0, 0x000001dcb361f4b0, 0x000001dcb329a7b0, 0x000001dcae328ac0,
0x000001dcb32d5030, 0x000001dcb32ceaa0, 0x000001dcb32d30f0, 0x000001dcb32cf270,
0x000001dcb32d4860, 0x000001dcb32d5fd0, 0x000001dcb4e4a4f0, 0x000001dcb4e43f60,
0x000001dcb4e4cc00, 0x000001dcb4e4bc60, 0x000001dcb4e48d80, 0x000001dcb4e529c0,
0x000001dcb4e51a20, 0x000001dcb4e4fae0, 0x000001dcb4e521f0, 0x000001dcb4e4f310,
0x000001dcb4e4e370, 0x000001dcb4e4c430, 0x000001dcb4e4eb40, 0x000001dcb4e51250,
0x000001dcb3eff490, 0x000001dcb3efbde0, 0x000001dcb4e07c30, 0x000001dcb4e08bd0,
0x000001dcb4e02e10, 0x000001dcb4e44f00, 0x000001dcb4e47610, 0x000001dcb4e46670,
0x000001dcb5841560, 0x000001dcba8477e0, 0x000001dcba843960, 0x000001dcba84b660,
0x000001dcba84ed10, 0x000001dcba84dd70, 0x000001dcba84cdd0, 0x000001dcba84f4e0,
0x000001dcba77e420, 0x000001dcc403d280, 0x000001dcc7db4640, 0x000001dcba783a10,
0x000001dcb86bc7f0, 0x000001dcb8d51c40, 0x000001dcc403f2c0
}

Java Threads: ( => current thread )
  0x000001dc839a66c0 JavaThread "main"                              [_thread_blocked, id=26956, stack(0x0000007559b00000,0x0000007559c00000) (1024K)]
  0x000001dcab18c7e0 JavaThread "Reference Handler"          daemon [_thread_blocked, id=12168, stack(0x000000755a300000,0x000000755a400000) (1024K)]
  0x000001dcab18d0f0 JavaThread "Finalizer"                  daemon [_thread_blocked, id=14968, stack(0x000000755a400000,0x000000755a500000) (1024K)]
  0x000001dcab18ea10 JavaThread "Signal Dispatcher"          daemon [_thread_blocked, id=27696, stack(0x000000755a500000,0x000000755a600000) (1024K)]
  0x000001dcab18f5d0 JavaThread "Attach Listener"            daemon [_thread_blocked, id=29348, stack(0x000000755a600000,0x000000755a700000) (1024K)]
  0x000001dcab190190 JavaThread "Service Thread"             daemon [_thread_blocked, id=21920, stack(0x000000755a700000,0x000000755a800000) (1024K)]
  0x000001dcab192d60 JavaThread "Monitor Deflation Thread"   daemon [_thread_blocked, id=22516, stack(0x000000755a800000,0x000000755a900000) (1024K)]
  0x000001dcab1943f0 JavaThread "C2 CompilerThread0"         daemon [_thread_blocked, id=23396, stack(0x000000755a900000,0x000000755aa00000) (1024K)]
  0x000001dcab195130 JavaThread "C1 CompilerThread0"         daemon [_thread_blocked, id=6568, stack(0x000000755aa00000,0x000000755ab00000) (1024K)]
  0x000001dcae3072b0 JavaThread "C1 CompilerThread1"         daemon [_thread_blocked, id=19476, stack(0x000000755ab00000,0x000000755ac00000) (1024K)]
  0x000001dcae418350 JavaThread "Common-Cleaner"             daemon [_thread_blocked, id=28152, stack(0x000000755ad00000,0x000000755ae00000) (1024K)]
  0x000001dcae4471b0 JavaThread "Notification Thread"        daemon [_thread_blocked, id=28972, stack(0x000000755ae00000,0x000000755af00000) (1024K)]
  0x000001dcaed6ea50 JavaThread "C1 CompilerThread2"         daemon [_thread_blocked, id=28516, stack(0x000000755af00000,0x000000755b000000) (1024K)]
  0x000001dcb33291a0 JavaThread "pool-2-thread-1"                   [_thread_blocked, id=26600, stack(0x000000755be00000,0x000000755bf00000) (1024K)]
  0x000001dcb332a170 JavaThread "pool-2-thread-2"                   [_thread_blocked, id=12520, stack(0x000000755bf00000,0x000000755c000000) (1024K)]
  0x000001dcb332a930 JavaThread "pool-2-thread-3"                   [_thread_blocked, id=9760, stack(0x000000755c000000,0x000000755c100000) (1024K)]
  0x000001dcb332b0f0 JavaThread "pool-2-thread-4"                   [_thread_blocked, id=24372, stack(0x000000755c100000,0x000000755c200000) (1024K)]
  0x000001dcb332c0c0 JavaThread "pool-2-thread-5"                   [_thread_blocked, id=2392, stack(0x000000755c200000,0x000000755c300000) (1024K)]
  0x000001dcb3359350 JavaThread "pool-2-thread-6"                   [_thread_blocked, id=29208, stack(0x000000755c300000,0x000000755c400000) (1024K)]
  0x000001dcb331ecb0 JavaThread "pool-2-thread-7"                   [_thread_blocked, id=29444, stack(0x000000755c400000,0x000000755c500000) (1024K)]
  0x000001dcb331f480 JavaThread "pool-2-thread-8"                   [_thread_blocked, id=25576, stack(0x000000755c500000,0x000000755c600000) (1024K)]
  0x000001dcb3318720 JavaThread "pool-2-thread-9"                   [_thread_blocked, id=16112, stack(0x000000755c600000,0x000000755c700000) (1024K)]
  0x000001dcb3319e90 JavaThread "pool-2-thread-10"                  [_thread_blocked, id=28724, stack(0x000000755c700000,0x000000755c800000) (1024K)]
  0x000001dcb3240800 JavaThread "pool-2-thread-11"                  [_thread_blocked, id=9804, stack(0x000000755c800000,0x000000755c900000) (1024K)]
  0x000001dcb3240030 JavaThread "pool-2-thread-12"                  [_thread_blocked, id=17248, stack(0x000000755c900000,0x000000755ca00000) (1024K)]
  0x000001dcb323f090 JavaThread "pool-2-thread-13"                  [_thread_blocked, id=4364, stack(0x000000755ca00000,0x000000755cb00000) (1024K)]
  0x000001dcb32417a0 JavaThread "pool-2-thread-14"                  [_thread_blocked, id=27604, stack(0x000000755cb00000,0x000000755cc00000) (1024K)]
  0x000001dcb323f860 JavaThread "pool-2-thread-15"                  [_thread_blocked, id=23216, stack(0x000000755cc00000,0x000000755cd00000) (1024K)]
  0x000001dcb3244680 JavaThread "pool-2-thread-16"                  [_thread_blocked, id=28032, stack(0x000000755cd00000,0x000000755ce00000) (1024K)]
  0x000001dcb3244e50 JavaThread "pool-2-thread-17"                  [_thread_blocked, id=7192, stack(0x000000755ce00000,0x000000755cf00000) (1024K)]
  0x000001dcb32436e0 JavaThread "pool-2-thread-18"                  [_thread_blocked, id=25916, stack(0x000000755cf00000,0x000000755d000000) (1024K)]
  0x000001dcb3243eb0 JavaThread "pool-2-thread-19"                  [_thread_blocked, id=27888, stack(0x000000755d000000,0x000000755d100000) (1024K)]
  0x000001dcb32465c0 JavaThread "pool-2-thread-20"                  [_thread_blocked, id=26264, stack(0x000000755d100000,0x000000755d200000) (1024K)]
  0x000001dcb32b6000 JavaThread "C1 CompilerThread3"         daemon [_thread_blocked, id=26052, stack(0x000000755d200000,0x000000755d300000) (1024K)]
  0x000001dcb361dd40 JavaThread "pool-1-thread-1"                   [_thread_blocked, id=27972, stack(0x000000755d300000,0x000000755d400000) (1024K)]
  0x000001dcb3620450 JavaThread "pool-1-thread-2"                   [_thread_blocked, id=25356, stack(0x000000755d400000,0x000000755d500000) (1024K)]
  0x000001dcb361ae60 JavaThread "pool-1-thread-3"                   [_thread_blocked, id=29288, stack(0x000000755d500000,0x000000755d600000) (1024K)]
  0x000001dcb3622390 JavaThread "pool-1-thread-4"                   [_thread_blocked, id=2572, stack(0x000000755d600000,0x000000755d700000) (1024K)]
  0x000001dcb361b630 JavaThread "pool-1-thread-5"                   [_thread_blocked, id=29552, stack(0x000000755d700000,0x000000755d800000) (1024K)]
  0x000001dcb36213f0 JavaThread "pool-1-thread-6"                   [_thread_blocked, id=27984, stack(0x000000755d800000,0x000000755d900000) (1024K)]
  0x000001dcb361e510 JavaThread "pool-1-thread-7"                   [_thread_blocked, id=4588, stack(0x000000755d900000,0x000000755da00000) (1024K)]
  0x000001dcb361be00 JavaThread "pool-1-thread-8"                   [_thread_blocked, id=3604, stack(0x000000755da00000,0x000000755db00000) (1024K)]
  0x000001dcb361c5d0 JavaThread "pool-1-thread-9"                   [_thread_blocked, id=11792, stack(0x000000755db00000,0x000000755dc00000) (1024K)]
  0x000001dcb361ece0 JavaThread "pool-1-thread-10"                  [_thread_blocked, id=26900, stack(0x000000755dc00000,0x000000755dd00000) (1024K)]
  0x000001dcb361cda0 JavaThread "pool-1-thread-11"                  [_thread_blocked, id=29064, stack(0x000000755dd00000,0x000000755de00000) (1024K)]
  0x000001dcb361f4b0 JavaThread "pool-1-thread-12"                  [_thread_blocked, id=19988, stack(0x000000755de00000,0x000000755df00000) (1024K)]
  0x000001dcb329a7b0 JavaThread "pool-1-thread-13"                  [_thread_blocked, id=1008, stack(0x000000755df00000,0x000000755e000000) (1024K)]
  0x000001dcae328ac0 JavaThread "pool-1-thread-14"                  [_thread_blocked, id=29320, stack(0x000000755e000000,0x000000755e100000) (1024K)]
  0x000001dcb32d5030 JavaThread "pool-1-thread-15"                  [_thread_blocked, id=2960, stack(0x000000755e100000,0x000000755e200000) (1024K)]
  0x000001dcb32ceaa0 JavaThread "pool-1-thread-16"                  [_thread_blocked, id=17980, stack(0x000000755e200000,0x000000755e300000) (1024K)]
  0x000001dcb32d30f0 JavaThread "pool-1-thread-17"                  [_thread_blocked, id=5752, stack(0x000000755e300000,0x000000755e400000) (1024K)]
  0x000001dcb32cf270 JavaThread "pool-1-thread-18"                  [_thread_blocked, id=20108, stack(0x000000755e400000,0x000000755e500000) (1024K)]
  0x000001dcb32d4860 JavaThread "pool-1-thread-19"                  [_thread_blocked, id=26152, stack(0x000000755e500000,0x000000755e600000) (1024K)]
  0x000001dcb32d5fd0 JavaThread "pool-1-thread-20"                  [_thread_blocked, id=27816, stack(0x000000755e600000,0x000000755e700000) (1024K)]
  0x000001dcb4e4a4f0 JavaThread "ForkJoinPool.commonPool-worker-1" daemon [_thread_blocked, id=21932, stack(0x000000755e800000,0x000000755e900000) (1024K)]
  0x000001dcb4e43f60 JavaThread "ForkJoinPool.commonPool-worker-2" daemon [_thread_blocked, id=27952, stack(0x000000755e900000,0x000000755ea00000) (1024K)]
  0x000001dcb4e4cc00 JavaThread "ForkJoinPool.commonPool-worker-3" daemon [_thread_blocked, id=15844, stack(0x000000755ea00000,0x000000755eb00000) (1024K)]
  0x000001dcb4e4bc60 JavaThread "ForkJoinPool.commonPool-worker-4" daemon [_thread_blocked, id=3088, stack(0x0000007560200000,0x0000007560300000) (1024K)]
  0x000001dcb4e48d80 JavaThread "ForkJoinPool.commonPool-worker-5" daemon [_thread_blocked, id=14068, stack(0x0000007560300000,0x0000007560400000) (1024K)]
  0x000001dcb4e529c0 JavaThread "ForkJoinPool.commonPool-worker-6" daemon [_thread_blocked, id=11484, stack(0x0000007560400000,0x0000007560500000) (1024K)]
  0x000001dcb4e51a20 JavaThread "ForkJoinPool.commonPool-worker-7" daemon [_thread_blocked, id=26440, stack(0x0000007560500000,0x0000007560600000) (1024K)]
  0x000001dcb4e4fae0 JavaThread "ForkJoinPool.commonPool-worker-8" daemon [_thread_blocked, id=1712, stack(0x0000007560600000,0x0000007560700000) (1024K)]
  0x000001dcb4e521f0 JavaThread "ForkJoinPool.commonPool-worker-9" daemon [_thread_blocked, id=20672, stack(0x0000007560700000,0x0000007560800000) (1024K)]
  0x000001dcb4e4f310 JavaThread "ForkJoinPool.commonPool-worker-11" daemon [_thread_blocked, id=29284, stack(0x0000007560800000,0x0000007560900000) (1024K)]
  0x000001dcb4e4e370 JavaThread "ForkJoinPool.commonPool-worker-10" daemon [_thread_blocked, id=22492, stack(0x0000007560900000,0x0000007560a00000) (1024K)]
  0x000001dcb4e4c430 JavaThread "ForkJoinPool.commonPool-worker-12" daemon [_thread_blocked, id=29052, stack(0x0000007560a00000,0x0000007560b00000) (1024K)]
  0x000001dcb4e4eb40 JavaThread "ForkJoinPool.commonPool-worker-13" daemon [_thread_blocked, id=27572, stack(0x0000007560b00000,0x0000007560c00000) (1024K)]
  0x000001dcb4e51250 JavaThread "ForkJoinPool.commonPool-worker-15" daemon [_thread_blocked, id=29156, stack(0x0000007560c00000,0x0000007560d00000) (1024K)]
  0x000001dcb3eff490 JavaThread "ForkJoinPool.commonPool-worker-17" daemon [_thread_blocked, id=17428, stack(0x0000007560d00000,0x0000007560e00000) (1024K)]
  0x000001dcb3efbde0 JavaThread "ForkJoinPool.commonPool-worker-19" daemon [_thread_blocked, id=2952, stack(0x0000007560e00000,0x0000007560f00000) (1024K)]
  0x000001dcb4e07c30 JavaThread "ForkJoinPool.commonPool-worker-18" daemon [_thread_blocked, id=28836, stack(0x0000007560f00000,0x0000007561000000) (1024K)]
  0x000001dcb4e08bd0 JavaThread "ForkJoinPool.commonPool-worker-16" daemon [_thread_blocked, id=6736, stack(0x0000007561000000,0x0000007561100000) (1024K)]
  0x000001dcb4e02e10 JavaThread "ForkJoinPool.commonPool-worker-14" daemon [_thread_blocked, id=27160, stack(0x0000007561100000,0x0000007561200000) (1024K)]
  0x000001dcb4e44f00 JavaThread "Thread-0"                   daemon [_thread_blocked, id=3432, stack(0x000000755eb00000,0x000000755ec00000) (1024K)]
  0x000001dcb4e47610 JavaThread "FileSystemWatchService"     daemon [_thread_in_native, id=20856, stack(0x000000755ec00000,0x000000755ed00000) (1024K)]
  0x000001dcb4e46670 JavaThread "FileSystemWatchService"     daemon [_thread_in_native, id=28400, stack(0x000000755ed00000,0x000000755ee00000) (1024K)]
  0x000001dcb5841560 JavaThread "fml-loadingscreen"          daemon [_thread_blocked, id=28580, stack(0x000000755f400000,0x000000755f500000) (1024K)]
  0x000001dcba8477e0 JavaThread "background-scan-handler-0"  daemon [_thread_blocked, id=29048, stack(0x000000755ef00000,0x000000755f000000) (1024K)]
  0x000001dcba843960 JavaThread "background-scan-handler-1"  daemon [_thread_blocked, id=28764, stack(0x000000755f000000,0x000000755f100000) (1024K)]
  0x000001dcba84b660 JavaThread "background-scan-handler-2"  daemon [_thread_blocked, id=24280, stack(0x000000755f900000,0x000000755fa00000) (1024K)]
  0x000001dcba84ed10 JavaThread "background-scan-handler-3"  daemon [_thread_blocked, id=11508, stack(0x000000755fa00000,0x000000755fb00000) (1024K)]
  0x000001dcba84dd70 JavaThread "background-scan-handler-4"  daemon [_thread_blocked, id=7832, stack(0x000000755fb00000,0x000000755fc00000) (1024K)]
  0x000001dcba84cdd0 JavaThread "background-scan-handler-5"  daemon [_thread_blocked, id=8784, stack(0x000000755fc00000,0x000000755fd00000) (1024K)]
  0x000001dcba84f4e0 JavaThread "background-scan-handler-6"  daemon [_thread_blocked, id=15980, stack(0x000000755fd00000,0x000000755fe00000) (1024K)]
  0x000001dcba77e420 JavaThread "JNA Cleaner"                daemon [_thread_blocked, id=15012, stack(0x0000007561400000,0x0000007561500000) (1024K)]
  0x000001dcc403d280 JavaThread "C2 CompilerThread1"         daemon [_thread_blocked, id=10844, stack(0x000000755ac00000,0x000000755ad00000) (1024K)]
  0x000001dcc7db4640 JavaThread "C2 CompilerThread2"         daemon [_thread_blocked, id=25700, stack(0x000000755e700000,0x000000755e800000) (1024K)]
  0x000001dcba783a10 JavaThread "pool-13-thread-1"                  [_thread_blocked, id=25340, stack(0x000000755ee00000,0x000000755ef00000) (1024K)]
  0x000001dcb86bc7f0 JavaThread "C2 CompilerThread3"         daemon [_thread_blocked, id=18352, stack(0x000000755fe00000,0x000000755ff00000) (1024K)]
  0x000001dcb8d51c40 JavaThread "C2 CompilerThread4"         daemon [_thread_blocked, id=28444, stack(0x0000007561200000,0x0000007561300000) (1024K)]
  0x000001dcc403f2c0 JavaThread "C2 CompilerThread5"         daemon [_thread_blocked, id=1964, stack(0x0000007561600000,0x0000007561700000) (1024K)]
Total: 91

Other Threads:
  0x000001dcab17b9a0 VMThread "VM Thread"                           [id=29576, stack(0x000000755a200000,0x000000755a300000) (1024K)]
  0x000001dcab16ae80 WatcherThread "VM Periodic Task Thread"        [id=18524, stack(0x000000755a100000,0x000000755a200000) (1024K)]
  0x000001dc83a32230 WorkerThread "GC Thread#0"                     [id=9264, stack(0x0000007559c00000,0x0000007559d00000) (1024K)]
  0x000001dcb335f620 WorkerThread "GC Thread#1"                     [id=24060, stack(0x000000755b000000,0x000000755b100000) (1024K)]
  0x000001dcb32087d0 WorkerThread "GC Thread#2"                     [id=12512, stack(0x000000755b100000,0x000000755b200000) (1024K)]
  0x000001dcb3209010 WorkerThread "GC Thread#3"                     [id=25928, stack(0x000000755b200000,0x000000755b300000) (1024K)]
  0x000001dcb320d450 WorkerThread "GC Thread#4"                     [id=24760, stack(0x000000755b300000,0x000000755b400000) (1024K)]
  0x000001dcb320d880 WorkerThread "GC Thread#5"                     [id=22556, stack(0x000000755b400000,0x000000755b500000) (1024K)]
  0x000001dcb320e2c0 WorkerThread "GC Thread#6"                     [id=28576, stack(0x000000755b500000,0x000000755b600000) (1024K)]
  0x000001dcb3211130 WorkerThread "GC Thread#7"                     [id=27780, stack(0x000000755b600000,0x000000755b700000) (1024K)]
  0x000001dcb3211f90 WorkerThread "GC Thread#8"                     [id=29080, stack(0x000000755b700000,0x000000755b800000) (1024K)]
  0x000001dcb3313f40 WorkerThread "GC Thread#9"                     [id=7956, stack(0x000000755b800000,0x000000755b900000) (1024K)]
  0x000001dcb3317750 WorkerThread "GC Thread#10"                    [id=19380, stack(0x000000755b900000,0x000000755ba00000) (1024K)]
=>0x000001dcb33147e0 WorkerThread "GC Thread#11"                    [id=29388, stack(0x000000755ba00000,0x000000755bb00000) (1024K)]
  0x000001dcb33161c0 WorkerThread "GC Thread#12"                    [id=29164, stack(0x000000755bb00000,0x000000755bc00000) (1024K)]
  0x000001dcb3316610 WorkerThread "GC Thread#13"                    [id=1792, stack(0x000000755bc00000,0x000000755bd00000) (1024K)]
  0x000001dcb3315080 WorkerThread "GC Thread#14"                    [id=27660, stack(0x000000755bd00000,0x000000755be00000) (1024K)]
  0x000001dc83a45060 ConcurrentGCThread "G1 Main Marker"            [id=28876, stack(0x0000007559d00000,0x0000007559e00000) (1024K)]
  0x000001dc83a45c00 WorkerThread "G1 Conc#0"                       [id=3132, stack(0x0000007559e00000,0x0000007559f00000) (1024K)]
  0x000001dcb33154d0 WorkerThread "G1 Conc#1"                       [id=2436, stack(0x000000755ff00000,0x0000007560000000) (1024K)]
  0x000001dcb3314c30 WorkerThread "G1 Conc#2"                       [id=25756, stack(0x0000007560000000,0x0000007560100000) (1024K)]
  0x000001dcb3315920 WorkerThread "G1 Conc#3"                       [id=24732, stack(0x0000007560100000,0x0000007560200000) (1024K)]
  0x000001dcab03cf30 ConcurrentGCThread "G1 Refine#0"               [id=25776, stack(0x0000007559f00000,0x000000755a000000) (1024K)]
  0x000001dcab03da40 ConcurrentGCThread "G1 Service"                [id=26504, stack(0x000000755a000000,0x000000755a100000) (1024K)]
Total: 24

Threads with active compile tasks:
C2 CompilerThread0  8803 10258       4       java.lang.invoke.MethodHandleNatives::linkCallSite (65 bytes)
C2 CompilerThread1  8803 10204       4       jdk.internal.classfile.impl.DirectClassBuilder::build (303 bytes)
C2 CompilerThread2  8803 10206       4       jdk.internal.classfile.impl.ClassFileImpl::build (38 bytes)
C2 CompilerThread3  8803 10260       4       java.lang.invoke.Invokers::callSiteForm (266 bytes)
C2 CompilerThread4  8803 10261       4       java.lang.invoke.MethodHandleNatives::linkCallSiteImpl (119 bytes)
C2 CompilerThread5  8803 9692       4       net.minecraft.world.phys.shapes.Shapes::joinIsNotEmpty (327 bytes)
Total: 6

VM state: at safepoint (normal execution)

VM Mutex/Monitor currently owned by a thread:  ([mutex/lock_event])
[0x00007ffcf375f758] Threads_lock - owner thread: 0x000001dcab17b9a0
[0x00007ffcf375f8d8] Heap_lock - owner thread: 0x000001dcba783a10

Heap address: 0x0000000505800000, size: 12200 MB, Compressed Oops mode: Zero based, Oop shift amount: 3

CDS archive(s) mapped at: [0x000000003d000000-0x000000003ddb0000-0x000000003ddb0000), size 14352384, SharedBaseAddress: 0x000000003d000000, ArchiveRelocationMode: 1.
Compressed class space mapped at: 0x000000003e000000-0x000000007e000000, reserved size: 1073741824
UseCompressedClassPointers 1, UseCompactObjectHeaders 0
Narrow klass pointer bits 32, Max shift 3
Narrow klass base: 0x000000003d000000, Narrow klass shift: 0
Encoding Range: [0x000000003d000000 - 0x000000013d000000), (4294967296 bytes)
Klass Range:    [0x000000003d010000 - 0x000000007e000000), (1090453504 bytes)
Klass ID Range:  [65536 - 1090519033) (1090453497)
Protection zone: [0x000000003d000000 - 0x000000003d010000), (65536 bytes)

GC Precious Log:
 CardTable entry size: 512
 Card Set container configuration: InlinePtr #cards 4 size 8 Array Of Cards #cards 64 size 144 Howl #buckets 8 coarsen threshold 14745 Howl Bitmap #cards 2048 size 272 coarsen threshold 1843 Card regions per heap region 1 cards per card region 16384
 CPUs: 20 total, 20 available
 Memory: 48779M
 Large Page Support: Disabled
 NUMA Support: Disabled
 Compressed Oops: Enabled (Zero based)
 Heap Region Size: 8M
 Heap Min Capacity: 8M
 Heap Initial Capacity: 768M
 Heap Max Capacity: 12200M
 Pre-touch: Disabled
 Parallel Workers: 15
 Concurrent Workers: 4
 Concurrent Refinement Workers: 15
 Periodic GC: Disabled

Heap:
 garbage-first heap   total reserved 12492800K, committed 2539520K, used 922482K [0x0000000505800000, 0x0000000800000000)
  region size 8192K, 10 young (81920K), 8 survivors (65536K)

Heap Regions: E=young(eden), S=young(survivor), O=old, HS=humongous(starts), HC=humongous(continues), CS=collection set, F=free, TAMS=top-at-mark-start, PB=parsable bottom
|   0|0x0000000505800000, 0x0000000506000000, 0x0000000506000000|100%|HS|  |TAMS 0x0000000506000000| PB 0x0000000505800000| Complete |  0
|   1|0x0000000506000000, 0x0000000506800000, 0x0000000506800000|100%| O|  |TAMS 0x0000000506800000| PB 0x0000000506000000| Untracked |  0
|   2|0x0000000506800000, 0x0000000507000000, 0x0000000507000000|100%| O|  |TAMS 0x0000000507000000| PB 0x0000000506800000| Untracked |  0
|   3|0x0000000507000000, 0x0000000507800000, 0x0000000507800000|100%| O|  |TAMS 0x0000000507800000| PB 0x0000000507000000| Untracked |  0
|   4|0x0000000507800000, 0x0000000508000000, 0x0000000508000000|100%| O|  |TAMS 0x0000000508000000| PB 0x0000000507800000| Untracked |  0
|   5|0x0000000508000000, 0x0000000508800000, 0x0000000508800000|100%| O|  |TAMS 0x0000000508800000| PB 0x0000000508000000| Untracked |  0
|   6|0x0000000508800000, 0x0000000509000000, 0x0000000509000000|100%| O|  |TAMS 0x0000000509000000| PB 0x0000000508800000| Untracked |  0
|   7|0x0000000509000000, 0x0000000509000000, 0x0000000509800000|  0%| F|  |TAMS 0x0000000509000000| PB 0x0000000509000000| Untracked |  0
|   8|0x0000000509800000, 0x000000050a000000, 0x000000050a000000|100%| O|  |TAMS 0x000000050a000000| PB 0x0000000509800000| Untracked |  0
|   9|0x000000050a000000, 0x000000050a800000, 0x000000050a800000|100%| O|  |TAMS 0x000000050a800000| PB 0x000000050a000000| Untracked |  0
|  10|0x000000050a800000, 0x000000050b000000, 0x000000050b000000|100%|HS|  |TAMS 0x000000050b000000| PB 0x000000050a800000| Complete |  0
|  11|0x000000050b000000, 0x000000050b800000, 0x000000050b800000|100%|HC|  |TAMS 0x000000050b800000| PB 0x000000050b000000| Complete |  0
|  12|0x000000050b800000, 0x000000050b800000, 0x000000050c000000|  0%| F|  |TAMS 0x000000050b800000| PB 0x000000050b800000| Untracked |  0
|  13|0x000000050c000000, 0x000000050c000000, 0x000000050c800000|  0%| F|  |TAMS 0x000000050c000000| PB 0x000000050c000000| Untracked |  0
|  14|0x000000050c800000, 0x000000050d000000, 0x000000050d000000|100%| O|  |TAMS 0x000000050d000000| PB 0x000000050c800000| Untracked |  0
|  15|0x000000050d000000, 0x000000050d800000, 0x000000050d800000|100%| O|  |TAMS 0x000000050d800000| PB 0x000000050d000000| Untracked |  0
|  16|0x000000050d800000, 0x000000050e000000, 0x000000050e000000|100%| O|  |TAMS 0x000000050e000000| PB 0x000000050d800000| Untracked |  0
|  17|0x000000050e000000, 0x000000050e800000, 0x000000050e800000|100%| O|  |TAMS 0x000000050e800000| PB 0x000000050e000000| Untracked |  0
|  18|0x000000050e800000, 0x000000050f000000, 0x000000050f000000|100%| O|  |TAMS 0x000000050f000000| PB 0x000000050e800000| Untracked |  0
|  19|0x000000050f000000, 0x000000050f800000, 0x000000050f800000|100%| O|  |TAMS 0x000000050f800000| PB 0x000000050f000000| Untracked |  0
|  20|0x000000050f800000, 0x0000000510000000, 0x0000000510000000|100%| O|  |TAMS 0x0000000510000000| PB 0x000000050f800000| Untracked |  0
|  21|0x0000000510000000, 0x0000000510800000, 0x0000000510800000|100%| O|  |TAMS 0x0000000510800000| PB 0x0000000510000000| Untracked |  0
|  22|0x0000000510800000, 0x0000000511000000, 0x0000000511000000|100%| O|  |TAMS 0x0000000511000000| PB 0x0000000510800000| Untracked |  0
|  23|0x0000000511000000, 0x0000000511800000, 0x0000000511800000|100%| O|  |TAMS 0x0000000511800000| PB 0x0000000511000000| Untracked |  0
|  24|0x0000000511800000, 0x0000000512000000, 0x0000000512000000|100%| O|  |TAMS 0x0000000512000000| PB 0x0000000511800000| Untracked |  0
|  25|0x0000000512000000, 0x0000000512800000, 0x0000000512800000|100%| O|  |TAMS 0x0000000512800000| PB 0x0000000512000000| Untracked |  0
|  26|0x0000000512800000, 0x0000000513000000, 0x0000000513000000|100%| O|  |TAMS 0x0000000513000000| PB 0x0000000512800000| Untracked |  0
|  27|0x0000000513000000, 0x0000000513800000, 0x0000000513800000|100%| O|  |TAMS 0x0000000513800000| PB 0x0000000513000000| Untracked |  0
|  28|0x0000000513800000, 0x0000000514000000, 0x0000000514000000|100%| O|  |TAMS 0x0000000514000000| PB 0x0000000513800000| Untracked |  0
|  29|0x0000000514000000, 0x0000000514800000, 0x0000000514800000|100%| O|  |TAMS 0x0000000514800000| PB 0x0000000514000000| Untracked |  0
|  30|0x0000000514800000, 0x0000000515000000, 0x0000000515000000|100%| O|  |TAMS 0x0000000515000000| PB 0x0000000514800000| Untracked |  0
|  31|0x0000000515000000, 0x0000000515800000, 0x0000000515800000|100%| O|  |TAMS 0x0000000515800000| PB 0x0000000515000000| Untracked |  0
|  32|0x0000000515800000, 0x0000000516000000, 0x0000000516000000|100%| O|  |TAMS 0x0000000516000000| PB 0x0000000515800000| Untracked |  0
|  33|0x0000000516000000, 0x0000000516800000, 0x0000000516800000|100%| O|  |TAMS 0x0000000516800000| PB 0x0000000516000000| Untracked |  0
|  34|0x0000000516800000, 0x0000000517000000, 0x0000000517000000|100%| O|  |TAMS 0x0000000517000000| PB 0x0000000516800000| Untracked |  0
|  35|0x0000000517000000, 0x0000000517800000, 0x0000000517800000|100%| O|  |TAMS 0x0000000517800000| PB 0x0000000517000000| Untracked |  0
|  36|0x0000000517800000, 0x0000000518000000, 0x0000000518000000|100%| O|  |TAMS 0x0000000518000000| PB 0x0000000517800000| Untracked |  0
|  37|0x0000000518000000, 0x0000000518800000, 0x0000000518800000|100%| O|  |TAMS 0x0000000518800000| PB 0x0000000518000000| Untracked |  0
|  38|0x0000000518800000, 0x0000000519000000, 0x0000000519000000|100%| O|  |TAMS 0x0000000519000000| PB 0x0000000518800000| Untracked |  0
|  39|0x0000000519000000, 0x0000000519800000, 0x0000000519800000|100%| O|  |TAMS 0x0000000519800000| PB 0x0000000519000000| Untracked |  0
|  40|0x0000000519800000, 0x000000051a000000, 0x000000051a000000|100%| O|  |TAMS 0x000000051a000000| PB 0x0000000519800000| Untracked |  0
|  41|0x000000051a000000, 0x000000051a800000, 0x000000051a800000|100%| O|  |TAMS 0x000000051a800000| PB 0x000000051a000000| Untracked |  0
|  42|0x000000051a800000, 0x000000051b000000, 0x000000051b000000|100%| O|  |TAMS 0x000000051b000000| PB 0x000000051a800000| Untracked |  0
|  43|0x000000051b000000, 0x000000051b800000, 0x000000051b800000|100%| O|  |TAMS 0x000000051b800000| PB 0x000000051b000000| Untracked |  0
|  44|0x000000051b800000, 0x000000051c000000, 0x000000051c000000|100%| O|  |TAMS 0x000000051c000000| PB 0x000000051b800000| Untracked |  0
|  45|0x000000051c000000, 0x000000051c800000, 0x000000051c800000|100%| O|  |TAMS 0x000000051c800000| PB 0x000000051c000000| Untracked |  0
|  46|0x000000051c800000, 0x000000051d000000, 0x000000051d000000|100%| O|  |TAMS 0x000000051d000000| PB 0x000000051c800000| Untracked |  0
|  47|0x000000051d000000, 0x000000051d800000, 0x000000051d800000|100%| O|  |TAMS 0x000000051d800000| PB 0x000000051d000000| Untracked |  0
|  48|0x000000051d800000, 0x000000051e000000, 0x000000051e000000|100%| O|  |TAMS 0x000000051e000000| PB 0x000000051d800000| Untracked |  0
|  49|0x000000051e000000, 0x000000051e800000, 0x000000051e800000|100%| O|  |TAMS 0x000000051e800000| PB 0x000000051e000000| Untracked |  0
|  50|0x000000051e800000, 0x000000051f000000, 0x000000051f000000|100%| O|  |TAMS 0x000000051f000000| PB 0x000000051e800000| Untracked |  0
|  51|0x000000051f000000, 0x000000051f800000, 0x000000051f800000|100%| O|  |TAMS 0x000000051f800000| PB 0x000000051f000000| Untracked |  0
|  52|0x000000051f800000, 0x0000000520000000, 0x0000000520000000|100%| O|  |TAMS 0x0000000520000000| PB 0x000000051f800000| Untracked |  0
|  53|0x0000000520000000, 0x0000000520800000, 0x0000000520800000|100%| O|  |TAMS 0x0000000520800000| PB 0x0000000520000000| Untracked |  0
|  54|0x0000000520800000, 0x0000000521000000, 0x0000000521000000|100%| O|  |TAMS 0x0000000521000000| PB 0x0000000520800000| Untracked |  0
|  55|0x0000000521000000, 0x0000000521800000, 0x0000000521800000|100%| O|  |TAMS 0x0000000521800000| PB 0x0000000521000000| Untracked |  0
|  56|0x0000000521800000, 0x0000000522000000, 0x0000000522000000|100%| O|  |TAMS 0x0000000522000000| PB 0x0000000521800000| Untracked |  0
|  57|0x0000000522000000, 0x0000000522800000, 0x0000000522800000|100%| O|  |TAMS 0x0000000522800000| PB 0x0000000522000000| Untracked |  0
|  58|0x0000000522800000, 0x0000000523000000, 0x0000000523000000|100%| O|  |TAMS 0x0000000523000000| PB 0x0000000522800000| Untracked |  0
|  59|0x0000000523000000, 0x0000000523800000, 0x0000000523800000|100%| O|  |TAMS 0x0000000523800000| PB 0x0000000523000000| Untracked |  0
|  60|0x0000000523800000, 0x0000000524000000, 0x0000000524000000|100%| O|  |TAMS 0x0000000524000000| PB 0x0000000523800000| Untracked |  0
|  61|0x0000000524000000, 0x0000000524800000, 0x0000000524800000|100%| O|  |TAMS 0x0000000524800000| PB 0x0000000524000000| Untracked |  0
|  62|0x0000000524800000, 0x0000000525000000, 0x0000000525000000|100%| O|  |TAMS 0x0000000525000000| PB 0x0000000524800000| Untracked |  0
|  63|0x0000000525000000, 0x0000000525800000, 0x0000000525800000|100%| O|  |TAMS 0x0000000525800000| PB 0x0000000525000000| Untracked |  0
|  64|0x0000000525800000, 0x0000000526000000, 0x0000000526000000|100%| O|  |TAMS 0x0000000526000000| PB 0x0000000525800000| Untracked |  0
|  65|0x0000000526000000, 0x0000000526800000, 0x0000000526800000|100%| O|  |TAMS 0x0000000526800000| PB 0x0000000526000000| Untracked |  0
|  66|0x0000000526800000, 0x0000000527000000, 0x0000000527000000|100%| O|  |TAMS 0x0000000527000000| PB 0x0000000526800000| Untracked |  0
|  67|0x0000000527000000, 0x0000000527800000, 0x0000000527800000|100%| O|  |TAMS 0x0000000527800000| PB 0x0000000527000000| Untracked |  0
|  68|0x0000000527800000, 0x0000000528000000, 0x0000000528000000|100%| O|  |TAMS 0x0000000528000000| PB 0x0000000527800000| Untracked |  0
|  69|0x0000000528000000, 0x0000000528800000, 0x0000000528800000|100%| O|  |TAMS 0x0000000528800000| PB 0x0000000528000000| Untracked |  0
|  70|0x0000000528800000, 0x0000000529000000, 0x0000000529000000|100%| O|  |TAMS 0x0000000529000000| PB 0x0000000528800000| Untracked |  0
|  71|0x0000000529000000, 0x0000000529800000, 0x0000000529800000|100%| O|  |TAMS 0x0000000529800000| PB 0x0000000529000000| Untracked |  0
|  72|0x0000000529800000, 0x000000052a000000, 0x000000052a000000|100%| O|  |TAMS 0x000000052a000000| PB 0x0000000529800000| Untracked |  0
|  73|0x000000052a000000, 0x000000052a800000, 0x000000052a800000|100%| O|  |TAMS 0x000000052a800000| PB 0x000000052a000000| Untracked |  0
|  74|0x000000052a800000, 0x000000052b000000, 0x000000052b000000|100%| O|  |TAMS 0x000000052b000000| PB 0x000000052a800000| Untracked |  0
|  75|0x000000052b000000, 0x000000052b800000, 0x000000052b800000|100%| O|  |TAMS 0x000000052b800000| PB 0x000000052b000000| Untracked |  0
|  76|0x000000052b800000, 0x000000052c000000, 0x000000052c000000|100%| O|  |TAMS 0x000000052c000000| PB 0x000000052b800000| Untracked |  0
|  77|0x000000052c000000, 0x000000052c800000, 0x000000052c800000|100%| O|  |TAMS 0x000000052c800000| PB 0x000000052c000000| Untracked |  0
|  78|0x000000052c800000, 0x000000052d000000, 0x000000052d000000|100%| O|  |TAMS 0x000000052d000000| PB 0x000000052c800000| Untracked |  0
|  79|0x000000052d000000, 0x000000052d800000, 0x000000052d800000|100%| O|  |TAMS 0x000000052d800000| PB 0x000000052d000000| Untracked |  0
|  80|0x000000052d800000, 0x000000052e000000, 0x000000052e000000|100%| O|  |TAMS 0x000000052e000000| PB 0x000000052d800000| Untracked |  0
|  81|0x000000052e000000, 0x000000052e800000, 0x000000052e800000|100%| O|  |TAMS 0x000000052e800000| PB 0x000000052e000000| Untracked |  0
|  82|0x000000052e800000, 0x000000052f000000, 0x000000052f000000|100%| O|  |TAMS 0x000000052f000000| PB 0x000000052e800000| Untracked |  0
|  83|0x000000052f000000, 0x000000052f800000, 0x000000052f800000|100%| O|  |TAMS 0x000000052f800000| PB 0x000000052f000000| Untracked |  0
|  84|0x000000052f800000, 0x0000000530000000, 0x0000000530000000|100%| O|  |TAMS 0x0000000530000000| PB 0x000000052f800000| Untracked |  0
|  85|0x0000000530000000, 0x0000000530800000, 0x0000000530800000|100%| O|  |TAMS 0x0000000530800000| PB 0x0000000530000000| Untracked |  0
|  86|0x0000000530800000, 0x0000000531000000, 0x0000000531000000|100%| O|  |TAMS 0x0000000531000000| PB 0x0000000530800000| Untracked |  0
|  87|0x0000000531000000, 0x0000000531800000, 0x0000000531800000|100%| O|  |TAMS 0x0000000531800000| PB 0x0000000531000000| Untracked |  0
|  88|0x0000000531800000, 0x0000000532000000, 0x0000000532000000|100%| O|  |TAMS 0x0000000532000000| PB 0x0000000531800000| Untracked |  0
|  89|0x0000000532000000, 0x0000000532800000, 0x0000000532800000|100%| O|  |TAMS 0x0000000532800000| PB 0x0000000532000000| Untracked |  0
|  90|0x0000000532800000, 0x0000000533000000, 0x0000000533000000|100%| O|  |TAMS 0x0000000533000000| PB 0x0000000532800000| Untracked |  0
|  91|0x0000000533000000, 0x0000000533800000, 0x0000000533800000|100%| O|  |TAMS 0x0000000533800000| PB 0x0000000533000000| Untracked |  0
|  92|0x0000000533800000, 0x0000000534000000, 0x0000000534000000|100%| O|  |TAMS 0x0000000534000000| PB 0x0000000533800000| Untracked |  0
|  93|0x0000000534000000, 0x0000000534800000, 0x0000000534800000|100%| O|  |TAMS 0x0000000534800000| PB 0x0000000534000000| Untracked |  0
|  94|0x0000000534800000, 0x0000000535000000, 0x0000000535000000|100%| O|  |TAMS 0x0000000535000000| PB 0x0000000534800000| Untracked |  0
|  95|0x0000000535000000, 0x0000000535800000, 0x0000000535800000|100%| O|  |TAMS 0x0000000535800000| PB 0x0000000535000000| Untracked |  0
|  96|0x0000000535800000, 0x0000000536000000, 0x0000000536000000|100%| O|  |TAMS 0x0000000536000000| PB 0x0000000535800000| Untracked |  0
|  97|0x0000000536000000, 0x0000000536800000, 0x0000000536800000|100%| O|  |TAMS 0x0000000536800000| PB 0x0000000536000000| Untracked |  0
|  98|0x0000000536800000, 0x0000000537000000, 0x0000000537000000|100%| O|  |TAMS 0x0000000537000000| PB 0x0000000536800000| Untracked |  0
|  99|0x0000000537000000, 0x0000000537800000, 0x0000000537800000|100%| O|  |TAMS 0x0000000537800000| PB 0x0000000537000000| Untracked |  0
| 100|0x0000000537800000, 0x0000000538000000, 0x0000000538000000|100%| O|  |TAMS 0x0000000538000000| PB 0x0000000537800000| Untracked |  0
| 101|0x0000000538000000, 0x0000000538800000, 0x0000000538800000|100%| O|  |TAMS 0x0000000538800000| PB 0x0000000538000000| Untracked |  0
| 102|0x0000000538800000, 0x0000000539000000, 0x0000000539000000|100%| O|  |TAMS 0x0000000539000000| PB 0x0000000538800000| Untracked |  0
| 103|0x0000000539000000, 0x0000000539800000, 0x0000000539800000|100%| O|  |TAMS 0x0000000539800000| PB 0x0000000539000000| Untracked |  0
| 104|0x0000000539800000, 0x000000053a000000, 0x000000053a000000|100%| O|  |TAMS 0x000000053a000000| PB 0x0000000539800000| Untracked |  0
| 105|0x000000053a000000, 0x000000053a800000, 0x000000053a800000|100%| O|  |TAMS 0x000000053a800000| PB 0x000000053a000000| Untracked |  0
| 106|0x000000053a800000, 0x000000053a9e2c10, 0x000000053b000000| 23%| O|  |TAMS 0x000000053a9e2c10| PB 0x000000053a800000| Untracked |  0
| 107|0x000000053b000000, 0x000000053b000000, 0x000000053b800000|  0%| F|  |TAMS 0x000000053b000000| PB 0x000000053b000000| Untracked |  0
| 108|0x000000053b800000, 0x000000053b800000, 0x000000053c000000|  0%| F|  |TAMS 0x000000053b800000| PB 0x000000053b800000| Untracked |  0
| 109|0x000000053c000000, 0x000000053c000000, 0x000000053c800000|  0%| F|  |TAMS 0x000000053c000000| PB 0x000000053c000000| Untracked |  0
| 110|0x000000053c800000, 0x000000053c800000, 0x000000053d000000|  0%| F|  |TAMS 0x000000053c800000| PB 0x000000053c800000| Untracked |  0
| 111|0x000000053d000000, 0x000000053d000000, 0x000000053d800000|  0%| F|  |TAMS 0x000000053d000000| PB 0x000000053d000000| Untracked |  0
| 112|0x000000053d800000, 0x000000053d800000, 0x000000053e000000|  0%| F|  |TAMS 0x000000053d800000| PB 0x000000053d800000| Untracked |  0
| 113|0x000000053e000000, 0x000000053e000000, 0x000000053e800000|  0%| F|  |TAMS 0x000000053e000000| PB 0x000000053e000000| Untracked |  0
| 114|0x000000053e800000, 0x000000053e800000, 0x000000053f000000|  0%| F|  |TAMS 0x000000053e800000| PB 0x000000053e800000| Untracked |  0
| 115|0x000000053f000000, 0x000000053f000000, 0x000000053f800000|  0%| F|  |TAMS 0x000000053f000000| PB 0x000000053f000000| Untracked |  0
| 116|0x000000053f800000, 0x000000053f800000, 0x0000000540000000|  0%| F|  |TAMS 0x000000053f800000| PB 0x000000053f800000| Untracked |  0
| 117|0x0000000540000000, 0x0000000540000000, 0x0000000540800000|  0%| F|  |TAMS 0x0000000540000000| PB 0x0000000540000000| Untracked |  0
| 118|0x0000000540800000, 0x0000000540800000, 0x0000000541000000|  0%| F|  |TAMS 0x0000000540800000| PB 0x0000000540800000| Untracked |  0
| 119|0x0000000541000000, 0x0000000541000000, 0x0000000541800000|  0%| F|  |TAMS 0x0000000541000000| PB 0x0000000541000000| Untracked |  0
| 120|0x0000000541800000, 0x0000000541800000, 0x0000000542000000|  0%| F|  |TAMS 0x0000000541800000| PB 0x0000000541800000| Untracked |  0
| 121|0x0000000542000000, 0x0000000542000000, 0x0000000542800000|  0%| F|  |TAMS 0x0000000542000000| PB 0x0000000542000000| Untracked |  0
| 122|0x0000000542800000, 0x0000000542800000, 0x0000000543000000|  0%| F|  |TAMS 0x0000000542800000| PB 0x0000000542800000| Untracked |  0
| 123|0x0000000543000000, 0x0000000543000000, 0x0000000543800000|  0%| F|  |TAMS 0x0000000543000000| PB 0x0000000543000000| Untracked |  0
| 124|0x0000000543800000, 0x0000000543800000, 0x0000000544000000|  0%| F|  |TAMS 0x0000000543800000| PB 0x0000000543800000| Untracked |  0
| 125|0x0000000544000000, 0x0000000544000000, 0x0000000544800000|  0%| F|  |TAMS 0x0000000544000000| PB 0x0000000544000000| Untracked |  0
| 126|0x0000000544800000, 0x0000000544800000, 0x0000000545000000|  0%| F|  |TAMS 0x0000000544800000| PB 0x0000000544800000| Untracked |  0
| 127|0x0000000545000000, 0x0000000545000000, 0x0000000545800000|  0%| F|  |TAMS 0x0000000545000000| PB 0x0000000545000000| Untracked |  0
| 128|0x0000000545800000, 0x0000000545800000, 0x0000000546000000|  0%| F|  |TAMS 0x0000000545800000| PB 0x0000000545800000| Untracked |  0
| 129|0x0000000546000000, 0x0000000546000000, 0x0000000546800000|  0%| F|  |TAMS 0x0000000546000000| PB 0x0000000546000000| Untracked |  0
| 130|0x0000000546800000, 0x0000000546800000, 0x0000000547000000|  0%| F|  |TAMS 0x0000000546800000| PB 0x0000000546800000| Untracked |  0
| 131|0x0000000547000000, 0x0000000547000000, 0x0000000547800000|  0%| F|  |TAMS 0x0000000547000000| PB 0x0000000547000000| Untracked |  0
| 132|0x0000000547800000, 0x0000000547800000, 0x0000000548000000|  0%| F|  |TAMS 0x0000000547800000| PB 0x0000000547800000| Untracked |  0
| 133|0x0000000548000000, 0x0000000548000000, 0x0000000548800000|  0%| F|  |TAMS 0x0000000548000000| PB 0x0000000548000000| Untracked |  0
| 134|0x0000000548800000, 0x0000000548800000, 0x0000000549000000|  0%| F|  |TAMS 0x0000000548800000| PB 0x0000000548800000| Untracked |  0
| 135|0x0000000549000000, 0x0000000549000000, 0x0000000549800000|  0%| F|  |TAMS 0x0000000549000000| PB 0x0000000549000000| Untracked |  0
| 136|0x0000000549800000, 0x0000000549800000, 0x000000054a000000|  0%| F|  |TAMS 0x0000000549800000| PB 0x0000000549800000| Untracked |  0
| 137|0x000000054a000000, 0x000000054a000000, 0x000000054a800000|  0%| F|  |TAMS 0x000000054a000000| PB 0x000000054a000000| Untracked |  0
| 138|0x000000054a800000, 0x000000054a800000, 0x000000054b000000|  0%| F|  |TAMS 0x000000054a800000| PB 0x000000054a800000| Untracked |  0
| 139|0x000000054b000000, 0x000000054b000000, 0x000000054b800000|  0%| F|  |TAMS 0x000000054b000000| PB 0x000000054b000000| Untracked |  0
| 140|0x000000054b800000, 0x000000054b800000, 0x000000054c000000|  0%| F|  |TAMS 0x000000054b800000| PB 0x000000054b800000| Untracked |  0
| 141|0x000000054c000000, 0x000000054c000000, 0x000000054c800000|  0%| F|  |TAMS 0x000000054c000000| PB 0x000000054c000000| Untracked |  0
| 142|0x000000054c800000, 0x000000054c800000, 0x000000054d000000|  0%| F|  |TAMS 0x000000054c800000| PB 0x000000054c800000| Untracked |  0
| 143|0x000000054d000000, 0x000000054d000000, 0x000000054d800000|  0%| F|  |TAMS 0x000000054d000000| PB 0x000000054d000000| Untracked |  0
| 144|0x000000054d800000, 0x000000054d800000, 0x000000054e000000|  0%| F|  |TAMS 0x000000054d800000| PB 0x000000054d800000| Untracked |  0
| 145|0x000000054e000000, 0x000000054e000000, 0x000000054e800000|  0%| F|  |TAMS 0x000000054e000000| PB 0x000000054e000000| Untracked |  0
| 146|0x000000054e800000, 0x000000054e800000, 0x000000054f000000|  0%| F|  |TAMS 0x000000054e800000| PB 0x000000054e800000| Untracked |  0
| 147|0x000000054f000000, 0x000000054f000000, 0x000000054f800000|  0%| F|  |TAMS 0x000000054f000000| PB 0x000000054f000000| Untracked |  0
| 148|0x000000054f800000, 0x000000054f800000, 0x0000000550000000|  0%| F|  |TAMS 0x000000054f800000| PB 0x000000054f800000| Untracked |  0
| 149|0x0000000550000000, 0x0000000550000000, 0x0000000550800000|  0%| F|  |TAMS 0x0000000550000000| PB 0x0000000550000000| Untracked |  0
| 150|0x0000000550800000, 0x0000000550800000, 0x0000000551000000|  0%| F|  |TAMS 0x0000000550800000| PB 0x0000000550800000| Untracked |  0
| 151|0x0000000551000000, 0x0000000551000000, 0x0000000551800000|  0%| F|  |TAMS 0x0000000551000000| PB 0x0000000551000000| Untracked |  0
| 152|0x0000000551800000, 0x0000000551800000, 0x0000000552000000|  0%| F|  |TAMS 0x0000000551800000| PB 0x0000000551800000| Untracked |  0
| 153|0x0000000552000000, 0x0000000552000000, 0x0000000552800000|  0%| F|  |TAMS 0x0000000552000000| PB 0x0000000552000000| Untracked |  0
| 154|0x0000000552800000, 0x0000000552800000, 0x0000000553000000|  0%| F|  |TAMS 0x0000000552800000| PB 0x0000000552800000| Untracked |  0
| 155|0x0000000553000000, 0x0000000553000000, 0x0000000553800000|  0%| F|  |TAMS 0x0000000553000000| PB 0x0000000553000000| Untracked |  0
| 156|0x0000000553800000, 0x0000000553800000, 0x0000000554000000|  0%| F|  |TAMS 0x0000000553800000| PB 0x0000000553800000| Untracked |  0
| 157|0x0000000554000000, 0x0000000554000000, 0x0000000554800000|  0%| F|  |TAMS 0x0000000554000000| PB 0x0000000554000000| Untracked |  0
| 158|0x0000000554800000, 0x0000000554800000, 0x0000000555000000|  0%| F|  |TAMS 0x0000000554800000| PB 0x0000000554800000| Untracked |  0
| 159|0x0000000555000000, 0x0000000555000000, 0x0000000555800000|  0%| F|  |TAMS 0x0000000555000000| PB 0x0000000555000000| Untracked |  0
| 160|0x0000000555800000, 0x0000000555800000, 0x0000000556000000|  0%| F|  |TAMS 0x0000000555800000| PB 0x0000000555800000| Untracked |  0
| 161|0x0000000556000000, 0x0000000556000000, 0x0000000556800000|  0%| F|  |TAMS 0x0000000556000000| PB 0x0000000556000000| Untracked |  0
| 162|0x0000000556800000, 0x0000000556800000, 0x0000000557000000|  0%| F|  |TAMS 0x0000000556800000| PB 0x0000000556800000| Untracked |  0
| 163|0x0000000557000000, 0x0000000557000000, 0x0000000557800000|  0%| F|  |TAMS 0x0000000557000000| PB 0x0000000557000000| Untracked |  0
| 164|0x0000000557800000, 0x0000000557800000, 0x0000000558000000|  0%| F|  |TAMS 0x0000000557800000| PB 0x0000000557800000| Untracked |  0
| 165|0x0000000558000000, 0x0000000558000000, 0x0000000558800000|  0%| F|  |TAMS 0x0000000558000000| PB 0x0000000558000000| Untracked |  0
| 166|0x0000000558800000, 0x0000000558800000, 0x0000000559000000|  0%| F|  |TAMS 0x0000000558800000| PB 0x0000000558800000| Untracked |  0
| 167|0x0000000559000000, 0x0000000559000000, 0x0000000559800000|  0%| F|  |TAMS 0x0000000559000000| PB 0x0000000559000000| Untracked |  0
| 168|0x0000000559800000, 0x0000000559800000, 0x000000055a000000|  0%| F|  |TAMS 0x0000000559800000| PB 0x0000000559800000| Untracked |  0
| 169|0x000000055a000000, 0x000000055a000000, 0x000000055a800000|  0%| F|  |TAMS 0x000000055a000000| PB 0x000000055a000000| Untracked |  0
| 170|0x000000055a800000, 0x000000055a800000, 0x000000055b000000|  0%| F|  |TAMS 0x000000055a800000| PB 0x000000055a800000| Untracked |  0
| 171|0x000000055b000000, 0x000000055b000000, 0x000000055b800000|  0%| F|  |TAMS 0x000000055b000000| PB 0x000000055b000000| Untracked |  0
| 172|0x000000055b800000, 0x000000055b800000, 0x000000055c000000|  0%| F|  |TAMS 0x000000055b800000| PB 0x000000055b800000| Untracked |  0
| 173|0x000000055c000000, 0x000000055c000000, 0x000000055c800000|  0%| F|  |TAMS 0x000000055c000000| PB 0x000000055c000000| Untracked |  0
| 174|0x000000055c800000, 0x000000055c800000, 0x000000055d000000|  0%| F|  |TAMS 0x000000055c800000| PB 0x000000055c800000| Untracked |  0
| 175|0x000000055d000000, 0x000000055d000000, 0x000000055d800000|  0%| F|  |TAMS 0x000000055d000000| PB 0x000000055d000000| Untracked |  0
| 176|0x000000055d800000, 0x000000055d800000, 0x000000055e000000|  0%| F|  |TAMS 0x000000055d800000| PB 0x000000055d800000| Untracked |  0
| 177|0x000000055e000000, 0x000000055e000000, 0x000000055e800000|  0%| F|  |TAMS 0x000000055e000000| PB 0x000000055e000000| Untracked |  0
| 178|0x000000055e800000, 0x000000055e800000, 0x000000055f000000|  0%| F|  |TAMS 0x000000055e800000| PB 0x000000055e800000| Untracked |  0
| 179|0x000000055f000000, 0x000000055f000000, 0x000000055f800000|  0%| F|  |TAMS 0x000000055f000000| PB 0x000000055f000000| Untracked |  0
| 180|0x000000055f800000, 0x000000055f800000, 0x0000000560000000|  0%| F|  |TAMS 0x000000055f800000| PB 0x000000055f800000| Untracked |  0
| 181|0x0000000560000000, 0x0000000560000000, 0x0000000560800000|  0%| F|  |TAMS 0x0000000560000000| PB 0x0000000560000000| Untracked |  0
| 182|0x0000000560800000, 0x0000000560800000, 0x0000000561000000|  0%| F|  |TAMS 0x0000000560800000| PB 0x0000000560800000| Untracked |  0
| 183|0x0000000561000000, 0x0000000561000000, 0x0000000561800000|  0%| F|  |TAMS 0x0000000561000000| PB 0x0000000561000000| Untracked |  0
| 184|0x0000000561800000, 0x0000000561800000, 0x0000000562000000|  0%| F|  |TAMS 0x0000000561800000| PB 0x0000000561800000| Untracked |  0
| 185|0x0000000562000000, 0x0000000562000000, 0x0000000562800000|  0%| F|  |TAMS 0x0000000562000000| PB 0x0000000562000000| Untracked |  0
| 186|0x0000000562800000, 0x0000000562800000, 0x0000000563000000|  0%| F|  |TAMS 0x0000000562800000| PB 0x0000000562800000| Untracked |  0
| 187|0x0000000563000000, 0x0000000563000000, 0x0000000563800000|  0%| F|  |TAMS 0x0000000563000000| PB 0x0000000563000000| Untracked |  0
| 188|0x0000000563800000, 0x0000000563800000, 0x0000000564000000|  0%| F|  |TAMS 0x0000000563800000| PB 0x0000000563800000| Untracked |  0
| 189|0x0000000564000000, 0x0000000564000000, 0x0000000564800000|  0%| F|  |TAMS 0x0000000564000000| PB 0x0000000564000000| Untracked |  0
| 190|0x0000000564800000, 0x0000000564800000, 0x0000000565000000|  0%| F|  |TAMS 0x0000000564800000| PB 0x0000000564800000| Untracked |  0
| 191|0x0000000565000000, 0x0000000565000000, 0x0000000565800000|  0%| F|  |TAMS 0x0000000565000000| PB 0x0000000565000000| Untracked |  0
| 192|0x0000000565800000, 0x0000000565800000, 0x0000000566000000|  0%| F|  |TAMS 0x0000000565800000| PB 0x0000000565800000| Untracked |  0
| 193|0x0000000566000000, 0x0000000566000000, 0x0000000566800000|  0%| F|  |TAMS 0x0000000566000000| PB 0x0000000566000000| Untracked |  0
| 194|0x0000000566800000, 0x0000000566800000, 0x0000000567000000|  0%| F|  |TAMS 0x0000000566800000| PB 0x0000000566800000| Untracked |  0
| 195|0x0000000567000000, 0x0000000567000000, 0x0000000567800000|  0%| F|  |TAMS 0x0000000567000000| PB 0x0000000567000000| Untracked |  0
| 196|0x0000000567800000, 0x0000000567800000, 0x0000000568000000|  0%| F|  |TAMS 0x0000000567800000| PB 0x0000000567800000| Untracked |  0
| 197|0x0000000568000000, 0x0000000568000000, 0x0000000568800000|  0%| F|  |TAMS 0x0000000568000000| PB 0x0000000568000000| Untracked |  0
| 198|0x0000000568800000, 0x0000000568800000, 0x0000000569000000|  0%| F|  |TAMS 0x0000000568800000| PB 0x0000000568800000| Untracked |  0
| 199|0x0000000569000000, 0x0000000569000000, 0x0000000569800000|  0%| F|  |TAMS 0x0000000569000000| PB 0x0000000569000000| Untracked |  0
| 200|0x0000000569800000, 0x0000000569800000, 0x000000056a000000|  0%| F|  |TAMS 0x0000000569800000| PB 0x0000000569800000| Untracked |  0
| 201|0x000000056a000000, 0x000000056a000000, 0x000000056a800000|  0%| F|  |TAMS 0x000000056a000000| PB 0x000000056a000000| Untracked |  0
| 202|0x000000056a800000, 0x000000056a800000, 0x000000056b000000|  0%| F|  |TAMS 0x000000056a800000| PB 0x000000056a800000| Untracked |  0
| 203|0x000000056b000000, 0x000000056b000000, 0x000000056b800000|  0%| F|  |TAMS 0x000000056b000000| PB 0x000000056b000000| Untracked |  0
| 204|0x000000056b800000, 0x000000056b800000, 0x000000056c000000|  0%| F|  |TAMS 0x000000056b800000| PB 0x000000056b800000| Untracked |  0
| 205|0x000000056c000000, 0x000000056c000000, 0x000000056c800000|  0%| F|  |TAMS 0x000000056c000000| PB 0x000000056c000000| Untracked |  0
| 206|0x000000056c800000, 0x000000056c800000, 0x000000056d000000|  0%| F|  |TAMS 0x000000056c800000| PB 0x000000056c800000| Untracked |  0
| 207|0x000000056d000000, 0x000000056d000000, 0x000000056d800000|  0%| F|  |TAMS 0x000000056d000000| PB 0x000000056d000000| Untracked |  0
| 208|0x000000056d800000, 0x000000056d800000, 0x000000056e000000|  0%| F|  |TAMS 0x000000056d800000| PB 0x000000056d800000| Untracked |  0
| 209|0x000000056e000000, 0x000000056e000000, 0x000000056e800000|  0%| F|  |TAMS 0x000000056e000000| PB 0x000000056e000000| Untracked |  0
| 210|0x000000056e800000, 0x000000056e800000, 0x000000056f000000|  0%| F|  |TAMS 0x000000056e800000| PB 0x000000056e800000| Untracked |  0
| 211|0x000000056f000000, 0x000000056f000000, 0x000000056f800000|  0%| F|  |TAMS 0x000000056f000000| PB 0x000000056f000000| Untracked |  0
| 212|0x000000056f800000, 0x000000056f800000, 0x0000000570000000|  0%| F|  |TAMS 0x000000056f800000| PB 0x000000056f800000| Untracked |  0
| 213|0x0000000570000000, 0x0000000570000000, 0x0000000570800000|  0%| F|  |TAMS 0x0000000570000000| PB 0x0000000570000000| Untracked |  0
| 214|0x0000000570800000, 0x0000000570800000, 0x0000000571000000|  0%| F|  |TAMS 0x0000000570800000| PB 0x0000000570800000| Untracked |  0
| 215|0x0000000571000000, 0x0000000571000000, 0x0000000571800000|  0%| F|  |TAMS 0x0000000571000000| PB 0x0000000571000000| Untracked |  0
| 216|0x0000000571800000, 0x0000000571800000, 0x0000000572000000|  0%| F|  |TAMS 0x0000000571800000| PB 0x0000000571800000| Untracked |  0
| 217|0x0000000572000000, 0x0000000572000000, 0x0000000572800000|  0%| F|  |TAMS 0x0000000572000000| PB 0x0000000572000000| Untracked |  0
| 218|0x0000000572800000, 0x0000000572800000, 0x0000000573000000|  0%| F|  |TAMS 0x0000000572800000| PB 0x0000000572800000| Untracked |  0
| 219|0x0000000573000000, 0x0000000573000000, 0x0000000573800000|  0%| F|  |TAMS 0x0000000573000000| PB 0x0000000573000000| Untracked |  0
| 220|0x0000000573800000, 0x0000000573800000, 0x0000000574000000|  0%| F|  |TAMS 0x0000000573800000| PB 0x0000000573800000| Untracked |  0
| 221|0x0000000574000000, 0x0000000574000000, 0x0000000574800000|  0%| F|  |TAMS 0x0000000574000000| PB 0x0000000574000000| Untracked |  0
| 222|0x0000000574800000, 0x0000000574800000, 0x0000000575000000|  0%| F|  |TAMS 0x0000000574800000| PB 0x0000000574800000| Untracked |  0
| 223|0x0000000575000000, 0x0000000575000000, 0x0000000575800000|  0%| F|  |TAMS 0x0000000575000000| PB 0x0000000575000000| Untracked |  0
| 224|0x0000000575800000, 0x0000000575800000, 0x0000000576000000|  0%| F|  |TAMS 0x0000000575800000| PB 0x0000000575800000| Untracked |  0
| 225|0x0000000576000000, 0x0000000576000000, 0x0000000576800000|  0%| F|  |TAMS 0x0000000576000000| PB 0x0000000576000000| Untracked |  0
| 226|0x0000000576800000, 0x0000000576800000, 0x0000000577000000|  0%| F|  |TAMS 0x0000000576800000| PB 0x0000000576800000| Untracked |  0
| 227|0x0000000577000000, 0x0000000577000000, 0x0000000577800000|  0%| F|  |TAMS 0x0000000577000000| PB 0x0000000577000000| Untracked |  0
| 228|0x0000000577800000, 0x0000000577800000, 0x0000000578000000|  0%| F|  |TAMS 0x0000000577800000| PB 0x0000000577800000| Untracked |  0
| 229|0x0000000578000000, 0x0000000578000000, 0x0000000578800000|  0%| F|  |TAMS 0x0000000578000000| PB 0x0000000578000000| Untracked |  0
| 230|0x0000000578800000, 0x0000000578800000, 0x0000000579000000|  0%| F|  |TAMS 0x0000000578800000| PB 0x0000000578800000| Untracked |  0
| 231|0x0000000579000000, 0x0000000579000000, 0x0000000579800000|  0%| F|  |TAMS 0x0000000579000000| PB 0x0000000579000000| Untracked |  0
| 232|0x0000000579800000, 0x0000000579800000, 0x000000057a000000|  0%| F|  |TAMS 0x0000000579800000| PB 0x0000000579800000| Untracked |  0
| 233|0x000000057a000000, 0x000000057a000000, 0x000000057a800000|  0%| F|  |TAMS 0x000000057a000000| PB 0x000000057a000000| Untracked |  0
| 234|0x000000057a800000, 0x000000057a800000, 0x000000057b000000|  0%| F|  |TAMS 0x000000057a800000| PB 0x000000057a800000| Untracked |  0
| 235|0x000000057b000000, 0x000000057b000000, 0x000000057b800000|  0%| F|  |TAMS 0x000000057b000000| PB 0x000000057b000000| Untracked |  0
| 236|0x000000057b800000, 0x000000057b800000, 0x000000057c000000|  0%| F|  |TAMS 0x000000057b800000| PB 0x000000057b800000| Untracked |  0
| 237|0x000000057c000000, 0x000000057c000000, 0x000000057c800000|  0%| F|  |TAMS 0x000000057c000000| PB 0x000000057c000000| Untracked |  0
| 238|0x000000057c800000, 0x000000057c800000, 0x000000057d000000|  0%| F|  |TAMS 0x000000057c800000| PB 0x000000057c800000| Untracked |  0
| 239|0x000000057d000000, 0x000000057d000000, 0x000000057d800000|  0%| F|  |TAMS 0x000000057d000000| PB 0x000000057d000000| Untracked |  0
| 240|0x000000057d800000, 0x000000057d800000, 0x000000057e000000|  0%| F|  |TAMS 0x000000057d800000| PB 0x000000057d800000| Untracked |  0
| 241|0x000000057e000000, 0x000000057e000000, 0x000000057e800000|  0%| F|  |TAMS 0x000000057e000000| PB 0x000000057e000000| Untracked |  0
| 242|0x000000057e800000, 0x000000057e800000, 0x000000057f000000|  0%| F|  |TAMS 0x000000057e800000| PB 0x000000057e800000| Untracked |  0
| 243|0x000000057f000000, 0x000000057f000000, 0x000000057f800000|  0%| F|  |TAMS 0x000000057f000000| PB 0x000000057f000000| Untracked |  0
| 244|0x000000057f800000, 0x000000057f800000, 0x0000000580000000|  0%| F|  |TAMS 0x000000057f800000| PB 0x000000057f800000| Untracked |  0
| 245|0x0000000580000000, 0x0000000580000000, 0x0000000580800000|  0%| F|  |TAMS 0x0000000580000000| PB 0x0000000580000000| Untracked |  0
| 246|0x0000000580800000, 0x0000000580800000, 0x0000000581000000|  0%| F|  |TAMS 0x0000000580800000| PB 0x0000000580800000| Untracked |  0
| 247|0x0000000581000000, 0x0000000581000000, 0x0000000581800000|  0%| F|  |TAMS 0x0000000581000000| PB 0x0000000581000000| Untracked |  0
| 248|0x0000000581800000, 0x0000000581800000, 0x0000000582000000|  0%| F|  |TAMS 0x0000000581800000| PB 0x0000000581800000| Untracked |  0
| 249|0x0000000582000000, 0x0000000582000000, 0x0000000582800000|  0%| F|  |TAMS 0x0000000582000000| PB 0x0000000582000000| Untracked |  0
| 250|0x0000000582800000, 0x0000000582800000, 0x0000000583000000|  0%| F|  |TAMS 0x0000000582800000| PB 0x0000000582800000| Untracked |  0
| 251|0x0000000583000000, 0x0000000583000000, 0x0000000583800000|  0%| F|  |TAMS 0x0000000583000000| PB 0x0000000583000000| Untracked |  0
| 252|0x0000000583800000, 0x0000000583800000, 0x0000000584000000|  0%| F|  |TAMS 0x0000000583800000| PB 0x0000000583800000| Untracked |  0
| 253|0x0000000584000000, 0x0000000584000000, 0x0000000584800000|  0%| F|  |TAMS 0x0000000584000000| PB 0x0000000584000000| Untracked |  0
| 254|0x0000000584800000, 0x0000000584800000, 0x0000000585000000|  0%| F|  |TAMS 0x0000000584800000| PB 0x0000000584800000| Untracked |  0
| 255|0x0000000585000000, 0x0000000585000000, 0x0000000585800000|  0%| F|  |TAMS 0x0000000585000000| PB 0x0000000585000000| Untracked |  0
| 256|0x0000000585800000, 0x0000000585800000, 0x0000000586000000|  0%| F|  |TAMS 0x0000000585800000| PB 0x0000000585800000| Untracked |  0
| 257|0x0000000586000000, 0x0000000586000000, 0x0000000586800000|  0%| F|  |TAMS 0x0000000586000000| PB 0x0000000586000000| Untracked |  0
| 258|0x0000000586800000, 0x0000000586800000, 0x0000000587000000|  0%| F|  |TAMS 0x0000000586800000| PB 0x0000000586800000| Untracked |  0
| 259|0x0000000587000000, 0x0000000587000000, 0x0000000587800000|  0%| F|  |TAMS 0x0000000587000000| PB 0x0000000587000000| Untracked |  0
| 260|0x0000000587800000, 0x0000000587800000, 0x0000000588000000|  0%| F|  |TAMS 0x0000000587800000| PB 0x0000000587800000| Untracked |  0
| 261|0x0000000588000000, 0x0000000588000000, 0x0000000588800000|  0%| F|  |TAMS 0x0000000588000000| PB 0x0000000588000000| Untracked |  0
| 262|0x0000000588800000, 0x0000000588800000, 0x0000000589000000|  0%| F|  |TAMS 0x0000000588800000| PB 0x0000000588800000| Untracked |  0
| 263|0x0000000589000000, 0x0000000589000000, 0x0000000589800000|  0%| F|  |TAMS 0x0000000589000000| PB 0x0000000589000000| Untracked |  0
| 264|0x0000000589800000, 0x0000000589800000, 0x000000058a000000|  0%| F|  |TAMS 0x0000000589800000| PB 0x0000000589800000| Untracked |  0
| 265|0x000000058a000000, 0x000000058a000000, 0x000000058a800000|  0%| F|  |TAMS 0x000000058a000000| PB 0x000000058a000000| Untracked |  0
| 266|0x000000058a800000, 0x000000058a800000, 0x000000058b000000|  0%| F|  |TAMS 0x000000058a800000| PB 0x000000058a800000| Untracked |  0
| 267|0x000000058b000000, 0x000000058b000000, 0x000000058b800000|  0%| F|  |TAMS 0x000000058b000000| PB 0x000000058b000000| Untracked |  0
| 268|0x000000058b800000, 0x000000058b800000, 0x000000058c000000|  0%| F|  |TAMS 0x000000058b800000| PB 0x000000058b800000| Untracked |  0
| 269|0x000000058c000000, 0x000000058c000000, 0x000000058c800000|  0%| F|  |TAMS 0x000000058c000000| PB 0x000000058c000000| Untracked |  0
| 270|0x000000058c800000, 0x000000058c800000, 0x000000058d000000|  0%| F|  |TAMS 0x000000058c800000| PB 0x000000058c800000| Untracked |  0
| 271|0x000000058d000000, 0x000000058d000000, 0x000000058d800000|  0%| F|  |TAMS 0x000000058d000000| PB 0x000000058d000000| Untracked |  0
| 272|0x000000058d800000, 0x000000058d800000, 0x000000058e000000|  0%| F|  |TAMS 0x000000058d800000| PB 0x000000058d800000| Untracked |  0
| 273|0x000000058e000000, 0x000000058e000000, 0x000000058e800000|  0%| F|  |TAMS 0x000000058e000000| PB 0x000000058e000000| Untracked |  0
| 274|0x000000058e800000, 0x000000058e800000, 0x000000058f000000|  0%| F|  |TAMS 0x000000058e800000| PB 0x000000058e800000| Untracked |  0
| 275|0x000000058f000000, 0x000000058f000000, 0x000000058f800000|  0%| F|  |TAMS 0x000000058f000000| PB 0x000000058f000000| Untracked |  0
| 276|0x000000058f800000, 0x000000058f800000, 0x0000000590000000|  0%| F|  |TAMS 0x000000058f800000| PB 0x000000058f800000| Untracked |  0
| 277|0x0000000590000000, 0x0000000590000000, 0x0000000590800000|  0%| F|  |TAMS 0x0000000590000000| PB 0x0000000590000000| Untracked |  0
| 278|0x0000000590800000, 0x0000000590800000, 0x0000000591000000|  0%| F|  |TAMS 0x0000000590800000| PB 0x0000000590800000| Untracked |  0
| 279|0x0000000591000000, 0x0000000591000000, 0x0000000591800000|  0%| F|  |TAMS 0x0000000591000000| PB 0x0000000591000000| Untracked |  0
| 280|0x0000000591800000, 0x0000000591800000, 0x0000000592000000|  0%| F|  |TAMS 0x0000000591800000| PB 0x0000000591800000| Untracked |  0
| 281|0x0000000592000000, 0x0000000592000000, 0x0000000592800000|  0%| F|  |TAMS 0x0000000592000000| PB 0x0000000592000000| Untracked |  0
| 282|0x0000000592800000, 0x0000000592800000, 0x0000000593000000|  0%| F|  |TAMS 0x0000000592800000| PB 0x0000000592800000| Untracked |  0
| 283|0x0000000593000000, 0x0000000593000000, 0x0000000593800000|  0%| F|  |TAMS 0x0000000593000000| PB 0x0000000593000000| Untracked |  0
| 284|0x0000000593800000, 0x0000000593800000, 0x0000000594000000|  0%| F|  |TAMS 0x0000000593800000| PB 0x0000000593800000| Untracked |  0
| 285|0x0000000594000000, 0x0000000594000000, 0x0000000594800000|  0%| F|  |TAMS 0x0000000594000000| PB 0x0000000594000000| Untracked |  0
| 286|0x0000000594800000, 0x0000000594800000, 0x0000000595000000|  0%| F|  |TAMS 0x0000000594800000| PB 0x0000000594800000| Untracked |  0
| 287|0x0000000595000000, 0x0000000595000000, 0x0000000595800000|  0%| F|  |TAMS 0x0000000595000000| PB 0x0000000595000000| Untracked |  0
| 288|0x0000000595800000, 0x0000000595800000, 0x0000000596000000|  0%| F|  |TAMS 0x0000000595800000| PB 0x0000000595800000| Untracked |  0
| 289|0x0000000596000000, 0x0000000596000000, 0x0000000596800000|  0%| F|  |TAMS 0x0000000596000000| PB 0x0000000596000000| Untracked |  0
| 290|0x0000000596800000, 0x0000000596800000, 0x0000000597000000|  0%| F|  |TAMS 0x0000000596800000| PB 0x0000000596800000| Untracked |  0
| 291|0x0000000597000000, 0x0000000597000000, 0x0000000597800000|  0%| F|  |TAMS 0x0000000597000000| PB 0x0000000597000000| Untracked |  0
| 292|0x0000000597800000, 0x0000000597c47460, 0x0000000598000000| 53%| S|  |TAMS 0x0000000597800000| PB 0x0000000597800000| Complete |  0
| 293|0x0000000598000000, 0x0000000598800000, 0x0000000598800000|100%| S|  |TAMS 0x0000000598000000| PB 0x0000000598000000| Complete |  0
| 294|0x0000000598800000, 0x0000000599000000, 0x0000000599000000|100%| S|  |TAMS 0x0000000598800000| PB 0x0000000598800000| Complete |  0
| 295|0x0000000599000000, 0x0000000599800000, 0x0000000599800000|100%| S|  |TAMS 0x0000000599000000| PB 0x0000000599000000| Complete |  0
| 296|0x0000000599800000, 0x000000059a000000, 0x000000059a000000|100%| S|  |TAMS 0x0000000599800000| PB 0x0000000599800000| Complete |  0
| 297|0x000000059a000000, 0x000000059a800000, 0x000000059a800000|100%| S|  |TAMS 0x000000059a000000| PB 0x000000059a000000| Complete |  0
| 298|0x000000059a800000, 0x000000059b000000, 0x000000059b000000|100%| S|  |TAMS 0x000000059a800000| PB 0x000000059a800000| Complete |  0
| 299|0x000000059b000000, 0x000000059b687888, 0x000000059b800000| 81%| E|CS|TAMS 0x000000059b000000| PB 0x000000059b000000| Complete |  0
| 300|0x000000059b800000, 0x000000059c000000, 0x000000059c000000|100%| E|CS|TAMS 0x000000059b800000| PB 0x000000059b800000| Complete |  0
| 301|0x000000059c000000, 0x000000059c800000, 0x000000059c800000|100%| E|CS|TAMS 0x000000059c000000| PB 0x000000059c000000| Complete |  0
| 302|0x000000059c800000, 0x000000059d000000, 0x000000059d000000|100%| E|CS|TAMS 0x000000059c800000| PB 0x000000059c800000| Complete |  0
| 303|0x000000059d000000, 0x000000059d800000, 0x000000059d800000|100%| E|CS|TAMS 0x000000059d000000| PB 0x000000059d000000| Complete |  0
| 304|0x000000059d800000, 0x000000059e000000, 0x000000059e000000|100%| E|CS|TAMS 0x000000059d800000| PB 0x000000059d800000| Complete |  0
| 305|0x000000059e000000, 0x000000059e800000, 0x000000059e800000|100%| E|CS|TAMS 0x000000059e000000| PB 0x000000059e000000| Complete |  0
| 306|0x000000059e800000, 0x000000059f000000, 0x000000059f000000|100%| E|CS|TAMS 0x000000059e800000| PB 0x000000059e800000| Complete |  0
| 307|0x000000059f000000, 0x000000059f800000, 0x000000059f800000|100%| S|  |TAMS 0x000000059f000000| PB 0x000000059f000000| Complete |  0
| 308|0x000000059f800000, 0x000000059fc72568, 0x00000005a0000000| 55%| E|CS|TAMS 0x000000059f800000| PB 0x000000059f800000| Complete |  0
|1524|0x00000007ff800000, 0x0000000800000000, 0x0000000800000000|100%| E|CS|TAMS 0x00000007ff800000| PB 0x00000007ff800000| Complete |  0

Card table byte_map: [0x000001dc9d850000,0x000001dc9f030000] _byte_map_base: 0x000001dc9b024000

Marking Bits: (CMBitMap*) 0x000001dc83a327c0
 Bits: [0x000001dc9f030000, 0x000001dcaaed0000)

Polling page: 0x000001dc81850000

Metaspace:
Metaspace        used 66243K, committed 67328K, reserved 1114112K
 class space     used 9888K, committed 10368K, reserved 1048576K

Usage:
  Non-class:     55.03 MB used.
      Class:      9.66 MB used.
       Both:     64.69 MB used.

Virtual space:
  Non-class space:       64.00 MB reserved,      55.62 MB ( 87%) committed,  1 nodes.
      Class space:        1.00 GB reserved,      10.12 MB ( <1%) committed,  1 nodes.
             Both:        1.06 GB reserved,      65.75 MB (  6%) committed. 

Chunk freelists:
   Non-Class:  7.88 MB
       Class:  5.73 MB
        Both:  13.60 MB

MaxMetaspaceSize: unlimited
CompressedClassSpaceSize: 1.00 GB
Initial GC threshold: 21.00 MB
Current GC threshold: 65.75 MB
CDS: on
 - commit_granule_bytes: 65536.
 - commit_granule_words: 8192.
 - virtual_space_node_default_size: 8388608.
 - enlarge_chunks_in_place: 1.
UseCompressedClassPointers 1, UseCompactObjectHeaders 0
Narrow klass pointer bits 32, Max shift 3
Narrow klass base: 0x000000003d000000, Narrow klass shift: 0
Encoding Range: [0x000000003d000000 - 0x000000013d000000), (4294967296 bytes)
Klass Range:    [0x000000003d010000 - 0x000000007e000000), (1090453504 bytes)
Klass ID Range:  [65536 - 1090519033) (1090453497)
Protection zone: [0x000000003d000000 - 0x000000003d010000), (65536 bytes)


Internal statistics:

num_allocs_failed_limit: 41.
num_arena_births: 1634.
num_arena_deaths: 0.
num_vsnodes_births: 2.
num_vsnodes_deaths: 0.
num_space_committed: 1046.
num_space_uncommitted: 0.
num_chunks_returned_to_freelist: 41.
num_chunks_taken_from_freelist: 4342.
num_chunk_merges: 38.
num_chunk_splits: 2912.
num_chunks_enlarged: 1929.
num_inconsistent_stats: 0.

CodeHeap 'non-profiled nmethods': size=119168Kb used=5755Kb max_used=5755Kb free=113412Kb
 bounds [0x000001dc94050000, 0x000001dc945f0000, 0x000001dc9b4b0000]
CodeHeap 'profiled nmethods': size=119168Kb used=14344Kb max_used=14344Kb free=104823Kb
 bounds [0x000001dc8c4a0000, 0x000001dc8d2b0000, 0x000001dc93900000]
CodeHeap 'non-nmethods': size=7488Kb used=4674Kb max_used=4773Kb free=2813Kb
 bounds [0x000001dc93900000, 0x000001dc93dd0000, 0x000001dc94050000]
CodeCache: size=245824Kb, used=24773Kb, max_used=24872Kb, free=221048Kb
 total_blobs=11589, nmethods=9505, adapters=1963, full_count=0
Compilation: enabled, stopped_count=0, restarted_count=0

Compilation events (20 events):
Event: 8.575 Thread 0x000001dcab1943f0 nmethod 10251 0x000001dc945d6a88 code [0x000001dc945d6b80, 0x000001dc945d7048]
Event: 8.575 Thread 0x000001dcab1943f0 10250       4       java.lang.Long::hashCode (8 bytes)
Event: 8.575 Thread 0x000001dcab1943f0 nmethod 10250 0x000001dc945d7088 code [0x000001dc945d7180, 0x000001dc945d7208]
Event: 8.616 Thread 0x000001dcb32b6000 10253       3       java.util.Spliterators$IteratorSpliterator::tryAdvance (77 bytes)
Event: 8.617 Thread 0x000001dcb32b6000 nmethod 10253 0x000001dc8d2a1888 code [0x000001dc8d2a1980, 0x000001dc8d2a2078]
Event: 8.626 Thread 0x000001dcab1943f0 10254   !   4       java.lang.invoke.BootstrapMethodInvoker::invoke (978 bytes)
Event: 8.633 Thread 0x000001dcb8d51c40 nmethod 10217 0x000001dc945d7388 code [0x000001dc945d7480, 0x000001dc945e2270]
Event: 8.639 Thread 0x000001dcab1943f0 nmethod 10254 0x000001dc945e2308 code [0x000001dc945e2400, 0x000001dc945e34f0]
Event: 8.639 Thread 0x000001dcab1943f0 10255       4       jdk.internal.classfile.impl.AbstractPoolEntry$Utf8EntryImpl::mayBeArrayDescriptor (60 bytes)
Event: 8.641 Thread 0x000001dcab1943f0 nmethod 10255 0x000001dc945e3588 code [0x000001dc945e3680, 0x000001dc945e3828]
Event: 8.643 Thread 0x000001dcab1943f0 10256       4       java.lang.invoke.LambdaForm$BasicType::basicType (187 bytes)
Event: 8.644 Thread 0x000001dcab1943f0 nmethod 10256 0x000001dc945e3888 code [0x000001dc945e3980, 0x000001dc945e3a78]
Event: 8.644 Thread 0x000001dcb86bc7f0 nmethod 10218 0x000001dc945e3b88 code [0x000001dc945e3c80, 0x000001dc945ee6f0]
Event: 8.645 Thread 0x000001dcb86bc7f0 10257       4       com.google.common.collect.MapMakerInternalMap$StrongKeyWeakValueEntry$LinkedStrongKeyWeakValueEntry::getNext (5 bytes)
Event: 8.645 Thread 0x000001dcb86bc7f0 nmethod 10257 0x000001dc945ee788 code [0x000001dc945ee880, 0x000001dc945ee900]
Event: 8.649 Thread 0x000001dcab1943f0 10258       4       java.lang.invoke.MethodHandleNatives::linkCallSite (65 bytes)
Event: 8.651 Thread 0x000001dcb8d51c40 10259   !   4       java.lang.invoke.CallSite::makeSite (95 bytes)
Event: 8.651 Thread 0x000001dcb86bc7f0 10260       4       java.lang.invoke.Invokers::callSiteForm (266 bytes)
Event: 8.654 Thread 0x000001dcb8d51c40 nmethod 10259 0x000001dc945eea88 code [0x000001dc945eeb80, 0x000001dc945eee98]
Event: 8.654 Thread 0x000001dcb8d51c40 10261       4       java.lang.invoke.MethodHandleNatives::linkCallSiteImpl (119 bytes)

GC Heap Usage History (20 events):
Event: 2.466 {heap After GC invocations=8 (full 0):
 garbage-first heap   total reserved 12492800K, committed 1032192K, used 759145K [0x0000000505800000, 0x0000000800000000)
  region size 8192K, 4 young (32768K), 4 survivors (32768K)
}
Event: 2.487 {heap Before GC invocations=8 (full 0):
 garbage-first heap   total reserved 12492800K, committed 1032192K, used 873833K [0x0000000505800000, 0x0000000800000000)
  region size 8192K, 18 young (147456K), 4 survivors (32768K)
}
Event: 2.506 {heap After GC invocations=9 (full 0):
 garbage-first heap   total reserved 12492800K, committed 2539520K, used 848536K [0x0000000505800000, 0x0000000800000000)
  region size 8192K, 3 young (24576K), 3 survivors (24576K)
}
Event: 3.622 {heap Before GC invocations=10 (full 0):
 garbage-first heap   total reserved 12492800K, committed 2539520K, used 995992K [0x0000000505800000, 0x0000000800000000)
  region size 8192K, 23 young (188416K), 3 survivors (24576K)
}
Event: 3.645 {heap After GC invocations=11 (full 0):
 garbage-first heap   total reserved 12492800K, committed 2539520K, used 891705K [0x0000000505800000, 0x0000000800000000)
  region size 8192K, 10 young (81920K), 10 survivors (81920K)
}
Event: 3.686 {heap Before GC invocations=11 (full 0):
 garbage-first heap   total reserved 12492800K, committed 2539520K, used 891705K [0x0000000505800000, 0x0000000800000000)
  region size 8192K, 11 young (90112K), 10 survivors (81920K)
}
Event: 3.706 {heap After GC invocations=12 (full 0):
 garbage-first heap   total reserved 12492800K, committed 2539520K, used 868840K [0x0000000505800000, 0x0000000800000000)
  region size 8192K, 7 young (57344K), 7 survivors (57344K)
}
Event: 3.736 {heap Before GC invocations=12 (full 0):
 garbage-first heap   total reserved 12492800K, committed 2539520K, used 868840K [0x0000000505800000, 0x0000000800000000)
  region size 8192K, 8 young (65536K), 7 survivors (57344K)
}
Event: 3.749 {heap After GC invocations=13 (full 0):
 garbage-first heap   total reserved 12492800K, committed 2539520K, used 863916K [0x0000000505800000, 0x0000000800000000)
  region size 8192K, 7 young (57344K), 7 survivors (57344K)
}
Event: 5.472 {heap Before GC invocations=14 (full 0):
 garbage-first heap   total reserved 12492800K, committed 2539520K, used 1494700K [0x0000000505800000, 0x0000000800000000)
  region size 8192K, 86 young (704512K), 7 survivors (57344K)
}
Event: 5.489 {heap After GC invocations=15 (full 0):
 garbage-first heap   total reserved 12492800K, committed 2539520K, used 880271K [0x0000000505800000, 0x0000000800000000)
  region size 8192K, 9 young (73728K), 9 survivors (73728K)
}
Event: 5.527 {heap Before GC invocations=15 (full 0):
 garbage-first heap   total reserved 12492800K, committed 2539520K, used 888463K [0x0000000505800000, 0x0000000800000000)
  region size 8192K, 11 young (90112K), 9 survivors (73728K)
}
Event: 5.542 {heap After GC invocations=16 (full 0):
 garbage-first heap   total reserved 12492800K, committed 2539520K, used 851781K [0x0000000505800000, 0x0000000800000000)
  region size 8192K, 9 young (73728K), 9 survivors (73728K)
}
Event: 5.586 {heap Before GC invocations=16 (full 0):
 garbage-first heap   total reserved 12492800K, committed 2539520K, used 868165K [0x0000000505800000, 0x0000000800000000)
  region size 8192K, 12 young (98304K), 9 survivors (73728K)
}
Event: 5.601 {heap After GC invocations=17 (full 0):
 garbage-first heap   total reserved 12492800K, committed 2539520K, used 853600K [0x0000000505800000, 0x0000000800000000)
  region size 8192K, 9 young (73728K), 9 survivors (73728K)
}
Event: 8.490 {heap Before GC invocations=18 (full 0):
 garbage-first heap   total reserved 12492800K, committed 2539520K, used 1672800K [0x0000000505800000, 0x0000000800000000)
  region size 8192K, 108 young (884736K), 9 survivors (73728K)
}
Event: 8.534 {heap After GC invocations=19 (full 0):
 garbage-first heap   total reserved 12492800K, committed 2539520K, used 925180K [0x0000000505800000, 0x0000000800000000)
  region size 8192K, 16 young (131072K), 16 survivors (131072K)
}
Event: 8.575 {heap Before GC invocations=19 (full 0):
 garbage-first heap   total reserved 12492800K, committed 2539520K, used 933372K [0x0000000505800000, 0x0000000800000000)
  region size 8192K, 18 young (147456K), 16 survivors (131072K)
}
Event: 8.615 {heap After GC invocations=20 (full 0):
 garbage-first heap   total reserved 12492800K, committed 2539520K, used 909737K [0x0000000505800000, 0x0000000800000000)
  region size 8192K, 8 young (65536K), 8 survivors (65536K)
}
Event: 8.658 {heap Before GC invocations=20 (full 0):
 garbage-first heap   total reserved 12492800K, committed 2539520K, used 917929K [0x0000000505800000, 0x0000000800000000)
  region size 8192K, 10 young (81920K), 8 survivors (65536K)
}

Metaspace Usage History (20 events):
Event: 2.466 {metaspace After GC invocations=8 (full 0):
 Metaspace       used 4658K, committed 4864K, reserved 1114112K
  class space    used 443K, committed 576K, reserved 1048576K
}
Event: 2.487 {metaspace Before GC invocations=8 (full 0):
 Metaspace       used 4658K, committed 4864K, reserved 1114112K
  class space    used 443K, committed 576K, reserved 1048576K
}
Event: 2.506 {metaspace After GC invocations=9 (full 0):
 Metaspace       used 4658K, committed 4864K, reserved 1114112K
  class space    used 443K, committed 576K, reserved 1048576K
}
Event: 3.622 {metaspace Before GC invocations=10 (full 0):
 Metaspace       used 20906K, committed 21504K, reserved 1114112K
  class space    used 2424K, committed 2688K, reserved 1048576K
}
Event: 3.645 {metaspace After GC invocations=11 (full 0):
 Metaspace       used 20906K, committed 21504K, reserved 1114112K
  class space    used 2424K, committed 2688K, reserved 1048576K
}
Event: 3.686 {metaspace Before GC invocations=11 (full 0):
 Metaspace       used 21165K, committed 21824K, reserved 1114112K
  class space    used 2457K, committed 2752K, reserved 1048576K
}
Event: 3.706 {metaspace After GC invocations=12 (full 0):
 Metaspace       used 21165K, committed 21824K, reserved 1114112K
  class space    used 2457K, committed 2752K, reserved 1048576K
}
Event: 3.736 {metaspace Before GC invocations=12 (full 0):
 Metaspace       used 21456K, committed 22144K, reserved 1114112K
  class space    used 2507K, committed 2752K, reserved 1048576K
}
Event: 3.750 {metaspace After GC invocations=13 (full 0):
 Metaspace       used 21456K, committed 22144K, reserved 1114112K
  class space    used 2507K, committed 2752K, reserved 1048576K
}
Event: 5.472 {metaspace Before GC invocations=14 (full 0):
 Metaspace       used 37680K, committed 38528K, reserved 1114112K
  class space    used 4728K, committed 5056K, reserved 1048576K
}
Event: 5.489 {metaspace After GC invocations=15 (full 0):
 Metaspace       used 37680K, committed 38528K, reserved 1114112K
  class space    used 4728K, committed 5056K, reserved 1048576K
}
Event: 5.527 {metaspace Before GC invocations=15 (full 0):
 Metaspace       used 37976K, committed 38848K, reserved 1114112K
  class space    used 4779K, committed 5120K, reserved 1048576K
}
Event: 5.542 {metaspace After GC invocations=16 (full 0):
 Metaspace       used 37976K, committed 38848K, reserved 1114112K
  class space    used 4779K, committed 5120K, reserved 1048576K
}
Event: 5.586 {metaspace Before GC invocations=16 (full 0):
 Metaspace       used 38337K, committed 39168K, reserved 1114112K
  class space    used 4850K, committed 5184K, reserved 1048576K
}
Event: 5.601 {metaspace After GC invocations=17 (full 0):
 Metaspace       used 38337K, committed 39168K, reserved 1114112K
  class space    used 4850K, committed 5184K, reserved 1048576K
}
Event: 8.490 {metaspace Before GC invocations=18 (full 0):
 Metaspace       used 65657K, committed 66688K, reserved 1114112K
  class space    used 9746K, committed 10176K, reserved 1048576K
}
Event: 8.534 {metaspace After GC invocations=19 (full 0):
 Metaspace       used 65657K, committed 66688K, reserved 1114112K
  class space    used 9746K, committed 10176K, reserved 1048576K
}
Event: 8.575 {metaspace Before GC invocations=19 (full 0):
 Metaspace       used 65919K, committed 67008K, reserved 1114112K
  class space    used 9810K, committed 10240K, reserved 1048576K
}
Event: 8.615 {metaspace After GC invocations=20 (full 0):
 Metaspace       used 65919K, committed 67008K, reserved 1114112K
  class space    used 9810K, committed 10240K, reserved 1048576K
}
Event: 8.658 {metaspace Before GC invocations=20 (full 0):
 Metaspace       used 66243K, committed 67328K, reserved 1114112K
  class space    used 9888K, committed 10368K, reserved 1048576K
}

Dll operation events (20 events):
Event: 0.172 Attempting to load shared library C:\Program Files\Eclipse Adoptium\jdk-25.0.4.101-hotspot\bin\jimage.dll
Event: 0.172 Loaded shared library C:\Program Files\Eclipse Adoptium\jdk-25.0.4.101-hotspot\bin\jimage.dll
Event: 0.343 Attempting to load shared library C:\Program Files\Eclipse Adoptium\jdk-25.0.4.101-hotspot\bin\verify.dll
Event: 0.344 Loaded shared library C:\Program Files\Eclipse Adoptium\jdk-25.0.4.101-hotspot\bin\verify.dll
Event: 2.720 Attempting to load shared library C:\Program Files\Eclipse Adoptium\jdk-25.0.4.101-hotspot\bin\management.dll
Event: 2.720 Loaded shared library C:\Program Files\Eclipse Adoptium\jdk-25.0.4.101-hotspot\bin\management.dll
Event: 2.721 Attempting to load shared library C:\Program Files\Eclipse Adoptium\jdk-25.0.4.101-hotspot\bin\management_ext.dll
Event: 2.722 Loaded shared library C:\Program Files\Eclipse Adoptium\jdk-25.0.4.101-hotspot\bin\management_ext.dll
Event: 3.259 Attempting to load shared library C:\Users\jojob\AppData\Local\Temp\lwjgl_jojob\3.4.1+2\x64\lwjgl.dll
Event: 3.260 Loaded shared library C:\Users\jojob\AppData\Local\Temp\lwjgl_jojob\3.4.1+2\x64\lwjgl.dll
Event: 3.677 Attempting to load shared library C:\Users\jojob\AppData\Local\Temp\lwjgl_jojob\3.4.1+2\x64\lwjgl_stb.dll
Event: 3.678 Loaded shared library C:\Users\jojob\AppData\Local\Temp\lwjgl_jojob\3.4.1+2\x64\lwjgl_stb.dll
Event: 3.845 Attempting to load shared library C:\Users\jojob\AppData\Local\Temp\lwjgl_jojob\3.4.1+2\x64\lwjgl_opengl.dll
Event: 3.846 Loaded shared library C:\Users\jojob\AppData\Local\Temp\lwjgl_jojob\3.4.1+2\x64\lwjgl_opengl.dll
Event: 5.259 Attempting to load shared library C:\Users\jojob\AppData\Local\Temp\lwjgl_jojob\3.4.1+2\x64\lwjgl_vma.dll
Event: 5.260 Loaded shared library C:\Users\jojob\AppData\Local\Temp\lwjgl_jojob\3.4.1+2\x64\lwjgl_vma.dll
Event: 5.265 Attempting to load shared library C:\Users\jojob\AppData\Local\Temp\lwjgl_jojob\3.4.1+2\x64\lwjgl_tinyfd.dll
Event: 5.266 Loaded shared library C:\Users\jojob\AppData\Local\Temp\lwjgl_jojob\3.4.1+2\x64\lwjgl_tinyfd.dll
Event: 5.738 Attempting to load shared library C:\Users\jojob\AppData\Local\Temp\jna-101305432\jna3622510410913527207.dll
Event: 5.746 Loaded shared library C:\Users\jojob\AppData\Local\Temp\jna-101305432\jna3622510410913527207.dll

Deoptimization events (20 events):
Event: 8.050 Thread 0x000001dcba783a10 Uncommon trap: trap_request=0xffffffde fr.pc=0x000001dc9449fff8 relative=0x00000000000009f8
Event: 8.050 Thread 0x000001dcba783a10 Uncommon trap: reason=class_check action=maybe_recompile pc=0x000001dc9449fff8 method=org.objectweb.asm.tree.FrameNode.accept(Lorg/objectweb/asm/MethodVisitor;)V @ 110 c2
Event: 8.050 Thread 0x000001dcba783a10 DEOPT PACKING pc=0x000001dc9449fff8 sp=0x000000755eef83a0
Event: 8.050 Thread 0x000001dcba783a10 DEOPT UNPACKING pc=0x000001dc93a1fc02 sp=0x000000755eef8348 mode 2
Event: 8.281 Thread 0x000001dcba783a10 Uncommon trap: trap_request=0xffffff45 fr.pc=0x000001dc943ba9e4 relative=0x00000000000005e4
Event: 8.281 Thread 0x000001dcba783a10 Uncommon trap: reason=unstable_if action=reinterpret pc=0x000001dc943ba9e4 method=java.lang.PublicMethods$MethodList.filter([Ljava/lang/reflect/Method;Ljava/lang/String;[Ljava/lang/Class;Z)Ljava/lang/PublicMethods$MethodList; @ 43 c2
Event: 8.281 Thread 0x000001dcba783a10 DEOPT PACKING pc=0x000001dc943ba9e4 sp=0x000000755eefb470
Event: 8.281 Thread 0x000001dcba783a10 DEOPT UNPACKING pc=0x000001dc93a1fc02 sp=0x000000755eefb400 mode 2
Event: 8.474 Thread 0x000001dcba783a10 Uncommon trap: trap_request=0xffffffc6 fr.pc=0x000001dc944f3398 relative=0x0000000000000598
Event: 8.474 Thread 0x000001dcba783a10 Uncommon trap: reason=bimorphic_or_optimized_type_check action=maybe_recompile pc=0x000001dc944f3398 method=com.google.common.collect.MapMakerInternalMap$Segment.getEntry(Ljava/lang/Object;I)Lcom/google/common/collect/MapMakerInternalMap$InternalEntry; @ 
Event: 8.474 Thread 0x000001dcba783a10 DEOPT PACKING pc=0x000001dc944f3398 sp=0x000000755eefaaa0
Event: 8.474 Thread 0x000001dcba783a10 DEOPT UNPACKING pc=0x000001dc93a1fc02 sp=0x000000755eefa7e0 mode 2
Event: 8.474 Thread 0x000001dcba783a10 Uncommon trap: trap_request=0xffffffc6 fr.pc=0x000001dc944f3398 relative=0x0000000000000598
Event: 8.474 Thread 0x000001dcba783a10 Uncommon trap: reason=bimorphic_or_optimized_type_check action=maybe_recompile pc=0x000001dc944f3398 method=com.google.common.collect.MapMakerInternalMap$Segment.getEntry(Ljava/lang/Object;I)Lcom/google/common/collect/MapMakerInternalMap$InternalEntry; @ 
Event: 8.474 Thread 0x000001dcba783a10 DEOPT PACKING pc=0x000001dc944f3398 sp=0x000000755eefaaa0
Event: 8.474 Thread 0x000001dcba783a10 DEOPT UNPACKING pc=0x000001dc93a1fc02 sp=0x000000755eefa7e0 mode 2
Event: 8.474 Thread 0x000001dcba783a10 Uncommon trap: trap_request=0xffffffc6 fr.pc=0x000001dc944f3398 relative=0x0000000000000598
Event: 8.474 Thread 0x000001dcba783a10 Uncommon trap: reason=bimorphic_or_optimized_type_check action=maybe_recompile pc=0x000001dc944f3398 method=com.google.common.collect.MapMakerInternalMap$Segment.getEntry(Ljava/lang/Object;I)Lcom/google/common/collect/MapMakerInternalMap$InternalEntry; @ 
Event: 8.474 Thread 0x000001dcba783a10 DEOPT PACKING pc=0x000001dc944f3398 sp=0x000000755eefaaa0
Event: 8.474 Thread 0x000001dcba783a10 DEOPT UNPACKING pc=0x000001dc93a1fc02 sp=0x000000755eefa7e0 mode 2

Classes loaded (20 events):
Event: 6.449 Loading class java/util/EnumMap$EntryIterator$Entry
Event: 6.449 Loading class java/util/EnumMap$EntryIterator$Entry done
Event: 6.595 Loading class java/lang/Throwable$PrintStreamOrWriter
Event: 6.595 Loading class java/lang/Throwable$PrintStreamOrWriter done
Event: 6.595 Loading class java/io/ObjectInputStream
Event: 6.596 Loading class java/io/ObjectInput
Event: 6.596 Loading class java/io/ObjectInput done
Event: 6.596 Loading class java/io/ObjectStreamConstants
Event: 6.596 Loading class java/io/ObjectStreamConstants done
Event: 6.596 Loading class java/io/ObjectInputStream done
Event: 6.596 Loading class java/io/ObjectOutputStream
Event: 6.597 Loading class java/io/ObjectOutput
Event: 6.597 Loading class java/io/ObjectOutput done
Event: 6.597 Loading class java/io/ObjectOutputStream done
Event: 8.150 Loading class java/util/IdentityHashMap$EntrySet
Event: 8.151 Loading class java/util/IdentityHashMap$EntrySet done
Event: 8.151 Loading class java/util/IdentityHashMap$EntrySpliterator
Event: 8.151 Loading class java/util/IdentityHashMap$IdentityHashMapSpliterator
Event: 8.151 Loading class java/util/IdentityHashMap$IdentityHashMapSpliterator done
Event: 8.151 Loading class java/util/IdentityHashMap$EntrySpliterator done

Classes unloaded (0 events):
No events

Classes redefined (0 events):
No events

Internal exceptions (20 events):
Event: 6.867 Thread 0x000001dcba783a10 Exception <a 'java/lang/NoSuchMethodError'{0x0000000585614830}: 'java.lang.Object java.lang.invoke.DirectMethodHandle$Holder.newInvokeSpecial(java.lang.Object, java.lang.Object, int, java.lang.Object)'> (0x0000000585614830) 
thrown [s\src\hotspot\share\interpreter\linkResolver.cpp, line 804]
Event: 6.871 Thread 0x000001dcba783a10 Exception <a 'java/lang/NoSuchMethodError'{0x00000005856e8028}: 'int java.lang.invoke.DirectMethodHandle$Holder.invokeStaticInit(java.lang.Object, java.lang.Object, java.lang.Object, java.lang.Object, java.lang.Object)'> (0x00000005856e8028) 
thrown [s\src\hotspot\share\interpreter\linkResolver.cpp, line 804]
Event: 6.957 Thread 0x000001dcba783a10 Exception <a 'java/lang/IncompatibleClassChangeError'{0x0000000584578be0}: Found class java.lang.Object, but interface was expected> (0x0000000584578be0) 
thrown [s\src\hotspot\share\interpreter\linkResolver.cpp, line 871]
Event: 7.001 Thread 0x000001dcba783a10 Exception <a 'java/lang/NoSuchMethodError'{0x00000005830e5c48}: 'java.lang.Object java.lang.invoke.DirectMethodHandle$Holder.newInvokeSpecial(java.lang.Object, int, int, int, int, int, int)'> (0x00000005830e5c48) 
thrown [s\src\hotspot\share\interpreter\linkResolver.cpp, line 804]
Event: 7.543 Thread 0x000001dcba783a10 Exception <a 'java/lang/IncompatibleClassChangeError'{0x0000000574df95f0}: Found class java.lang.Object, but interface was expected> (0x0000000574df95f0) 
thrown [s\src\hotspot\share\interpreter\linkResolver.cpp, line 871]
Event: 7.619 Thread 0x000001dcba783a10 Exception <a 'java/lang/NoSuchMethodError'{0x00000005734e5ce0}: 'java.lang.Object java.lang.invoke.DirectMethodHandle$Holder.newInvokeSpecial(java.lang.Object, java.lang.Object, double, java.lang.Object)'> (0x00000005734e5ce0) 
thrown [s\src\hotspot\share\interpreter\linkResolver.cpp, line 804]
Event: 7.810 Thread 0x000001dcba783a10 Exception <a 'java/lang/NoSuchMethodError'{0x000000057118d480}: 'java.lang.Object java.lang.invoke.DirectMethodHandle$Holder.newInvokeSpecial(java.lang.Object, float)'> (0x000000057118d480) 
thrown [s\src\hotspot\share\interpreter\linkResolver.cpp, line 804]
Event: 7.811 Thread 0x000001dcba783a10 Exception <a 'java/lang/NoSuchMethodError'{0x000000057119ce30}: 'float java.lang.invoke.DirectMethodHandle$Holder.invokeSpecial(java.lang.Object, java.lang.Object)'> (0x000000057119ce30) 
thrown [s\src\hotspot\share\interpreter\linkResolver.cpp, line 804]
Event: 8.115 Thread 0x000001dcba783a10 Exception <a 'java/lang/NoSuchMethodError'{0x000000056e4e1698}: 'void java.lang.invoke.DirectMethodHandle$Holder.invokeInterface(java.lang.Object, java.lang.Object, int)'> (0x000000056e4e1698) 
thrown [s\src\hotspot\share\interpreter\linkResolver.cpp, line 804]
Event: 8.164 Thread 0x000001dcba783a10 Exception <a 'java/lang/NoSuchMethodError'{0x000000056dcf2d40}: 'float java.lang.invoke.DirectMethodHandle$Holder.invokeStaticInit(java.lang.Object, java.lang.Object, java.lang.Object, float, java.lang.Object)'> (0x000000056dcf2d40) 
thrown [s\src\hotspot\share\interpreter\linkResolver.cpp, line 804]
Event: 8.205 Thread 0x000001dcba783a10 Exception <a 'java/lang/IncompatibleClassChangeError'{0x000000056d344730}: Found class java.lang.Object, but interface was expected> (0x000000056d344730) 
thrown [s\src\hotspot\share\interpreter\linkResolver.cpp, line 871]
Event: 8.207 Thread 0x000001dcba783a10 Exception <a 'java/lang/IncompatibleClassChangeError'{0x000000056d37ea88}: Found class java.lang.Object, but interface was expected> (0x000000056d37ea88) 
thrown [s\src\hotspot\share\interpreter\linkResolver.cpp, line 871]
Event: 8.327 Thread 0x000001dcba783a10 Exception <a 'java/lang/IncompatibleClassChangeError'{0x000000056bea0710}: Found class java.lang.Object, but interface was expected> (0x000000056bea0710) 
thrown [s\src\hotspot\share\interpreter\linkResolver.cpp, line 871]
Event: 8.347 Thread 0x000001dcba783a10 Exception <a 'java/lang/NoSuchMethodError'{0x000000056b095a98}: 'java.lang.Object java.lang.invoke.DirectMethodHandle$Holder.newInvokeSpecial(java.lang.Object, java.lang.Object, float)'> (0x000000056b095a98) 
thrown [s\src\hotspot\share\interpreter\linkResolver.cpp, line 804]
Event: 8.367 Thread 0x000001dcba783a10 Exception <a 'java/lang/NoSuchMethodError'{0x000000056b2eb628}: 'java.lang.Object java.lang.invoke.DirectMethodHandle$Holder.newInvokeSpecial(java.lang.Object, int, int, java.lang.Object, java.lang.Object)'> (0x000000056b2eb628) 
thrown [s\src\hotspot\share\interpreter\linkResolver.cpp, line 804]
Event: 8.426 Thread 0x000001dcba783a10 Exception <a 'java/lang/NoSuchMethodError'{0x000000056aa1ba08}: 'java.lang.Object java.lang.invoke.DirectMethodHandle$Holder.newInvokeSpecial(java.lang.Object, java.lang.Object, java.lang.Object, int, java.lang.Object, int)'> (0x000000056aa1ba08) 
thrown [s\src\hotspot\share\interpreter\linkResolver.cpp, line 804]
Event: 8.446 Thread 0x000001dcba783a10 Exception <a 'java/lang/NoSuchMethodError'{0x000000056ad45288}: 'java.lang.Object java.lang.invoke.DirectMethodHandle$Holder.newInvokeSpecial(java.lang.Object, java.lang.Object, float, float, java.lang.Object)'> (0x000000056ad45288) 
thrown [s\src\hotspot\share\interpreter\linkResolver.cpp, line 804]
Event: 8.477 Thread 0x000001dcba783a10 Exception <a 'java/lang/NoSuchMethodError'{0x000000056a1e1f00}: 'java.lang.Object java.lang.invoke.DirectMethodHandle$Holder.newInvokeSpecial(java.lang.Object, java.lang.Object, float, float)'> (0x000000056a1e1f00) 
thrown [s\src\hotspot\share\interpreter\linkResolver.cpp, line 804]
Event: 8.486 Thread 0x000001dcba783a10 Exception <a 'java/lang/NoSuchMethodError'{0x000000056a366048}: 'java.lang.Object java.lang.invoke.DirectMethodHandle$Holder.newInvokeSpecial(java.lang.Object, java.lang.Object, java.lang.Object, java.lang.Object, int, int)'> (0x000000056a366048) 
thrown [s\src\hotspot\share\interpreter\linkResolver.cpp, line 804]
Event: 8.643 Thread 0x000001dcba783a10 Exception <a 'java/lang/NoSuchMethodError'{0x00000007ffe93b78}: 'java.lang.Object java.lang.invoke.DirectMethodHandle$Holder.newInvokeSpecial(java.lang.Object, java.lang.Object, long)'> (0x00000007ffe93b78) 
thrown [s\src\hotspot\share\interpreter\linkResolver.cpp, line 804]

VM Operations (20 events):
Event: 6.852 Executing non-safepoint VM operation: HandshakeAllThreads (Deoptimize) done
Event: 7.470 Executing non-safepoint VM operation: HandshakeAllThreads (Deoptimize)
Event: 7.470 Executing non-safepoint VM operation: HandshakeAllThreads (Deoptimize) done
Event: 7.624 Executing non-safepoint VM operation: HandshakeAllThreads (Deoptimize)
Event: 7.624 Executing non-safepoint VM operation: HandshakeAllThreads (Deoptimize) done
Event: 7.626 Executing non-safepoint VM operation: HandshakeAllThreads (Deoptimize)
Event: 7.627 Executing non-safepoint VM operation: HandshakeAllThreads (Deoptimize) done
Event: 7.841 Executing non-safepoint VM operation: HandshakeAllThreads (Deoptimize)
Event: 7.841 Executing non-safepoint VM operation: HandshakeAllThreads (Deoptimize) done
Event: 7.847 Executing non-safepoint VM operation: HandshakeAllThreads (Deoptimize)
Event: 7.848 Executing non-safepoint VM operation: HandshakeAllThreads (Deoptimize) done
Event: 8.081 Executing non-safepoint VM operation: HandshakeAllThreads (Deoptimize)
Event: 8.081 Executing non-safepoint VM operation: HandshakeAllThreads (Deoptimize) done
Event: 8.434 Executing non-safepoint VM operation: HandshakeAllThreads (Deoptimize)
Event: 8.434 Executing non-safepoint VM operation: HandshakeAllThreads (Deoptimize) done
Event: 8.490 Executing safepoint VM operation: CollectForMetadataAllocation (Metadata GC Threshold)
Event: 8.534 Executing safepoint VM operation: CollectForMetadataAllocation (Metadata GC Threshold) done
Event: 8.575 Executing safepoint VM operation: CollectForMetadataAllocation (Metadata GC Threshold)
Event: 8.615 Executing safepoint VM operation: CollectForMetadataAllocation (Metadata GC Threshold) done
Event: 8.658 Executing safepoint VM operation: CollectForMetadataAllocation (Metadata GC Threshold)

Memory protections (0 events):
No events

Nmethod flushes (20 events):
Event: 5.702 Thread 0x000001dcab17b9a0 flushing  nmethod 0x000001dc8c4d4008
Event: 5.702 Thread 0x000001dcab17b9a0 flushing  nmethod 0x000001dc8c52b208
Event: 5.702 Thread 0x000001dcab17b9a0 flushing  nmethod 0x000001dc8c52b508
Event: 5.702 Thread 0x000001dcab17b9a0 flushing  nmethod 0x000001dc8c52c188
Event: 5.702 Thread 0x000001dcab17b9a0 flushing  nmethod 0x000001dc8c52ef08
Event: 5.702 Thread 0x000001dcab17b9a0 flushing  nmethod 0x000001dc8c52f588
Event: 5.702 Thread 0x000001dcab17b9a0 flushing  nmethod 0x000001dc8c52fe88
Event: 5.702 Thread 0x000001dcab17b9a0 flushing  nmethod 0x000001dc8c530608
Event: 5.702 Thread 0x000001dcab17b9a0 flushing  nmethod 0x000001dc8c56a808
Event: 5.702 Thread 0x000001dcab17b9a0 flushing  nmethod 0x000001dc8c56ac88
Event: 5.702 Thread 0x000001dcab17b9a0 flushing  nmethod 0x000001dc8c56b508
Event: 5.702 Thread 0x000001dcab17b9a0 flushing  nmethod 0x000001dc8c56ea88
Event: 5.702 Thread 0x000001dcab17b9a0 flushing  nmethod 0x000001dc8c60c588
Event: 5.702 Thread 0x000001dcab17b9a0 flushing  nmethod 0x000001dc8c6f9a08
Event: 5.702 Thread 0x000001dcab17b9a0 flushing  nmethod 0x000001dc8c6fa888
Event: 5.702 Thread 0x000001dcab17b9a0 flushing  nmethod 0x000001dc8c6fbb88
Event: 5.702 Thread 0x000001dcab17b9a0 flushing  nmethod 0x000001dc8c788908
Event: 5.702 Thread 0x000001dcab17b9a0 flushing  nmethod 0x000001dc8c816308
Event: 5.702 Thread 0x000001dcab17b9a0 flushing  nmethod 0x000001dc8c816a88
Event: 5.702 Thread 0x000001dcab17b9a0 flushing  nmethod 0x000001dc8c9d6908

Events (20 events):
Event: 4.247 Thread 0x000001dcaed6ea50 Thread added: 0x000001dcba085d20
Event: 5.283 Thread 0x000001dcba085d20 Thread exited: 0x000001dcba085d20
Event: 5.709 Thread 0x000001dc839a66c0 Thread added: 0x000001dcba779600
Event: 5.767 Thread 0x000001dc839a66c0 Thread added: 0x000001dcba77e420
Event: 6.132 Thread 0x000001dcb86e31e0 Thread exited: 0x000001dcb86e31e0
Event: 6.163 Thread 0x000001dcb855dc10 Thread exited: 0x000001dcb855dc10
Event: 6.163 Thread 0x000001dcb8d5fcb0 Thread exited: 0x000001dcb8d5fcb0
Event: 6.163 Thread 0x000001dcb3d920a0 Thread exited: 0x000001dcb3d920a0
Event: 6.164 Thread 0x000001dcb360d680 Thread exited: 0x000001dcb360d680
Event: 6.167 Thread 0x000001dcae3072b0 Thread added: 0x000001dcc403d280
Event: 6.172 Thread 0x000001dcaed6ea50 Thread added: 0x000001dcc7db4640
Event: 6.210 Thread 0x000001dc839a66c0 Thread added: 0x000001dcba783a10
Event: 6.309 Thread 0x000001dcb32b6000 Thread added: 0x000001dcb86bc7f0
Event: 6.323 Thread 0x000001dcab195130 Thread added: 0x000001dcb8d51c40
Event: 7.591 Thread 0x000001dcae3072b0 Thread added: 0x000001dcc403f2c0
Event: 7.612 Thread 0x000001dcab195130 Thread added: 0x000001dcc700eca0
Event: 7.613 Thread 0x000001dcab195130 Thread added: 0x000001dcc7014d60
Event: 8.175 Thread 0x000001dcc7014d60 Thread exited: 0x000001dcc7014d60
Event: 8.175 Thread 0x000001dcc700eca0 Thread exited: 0x000001dcc700eca0
Event: 8.534 Thread 0x000001dcba779600 Thread exited: 0x000001dcba779600


Dynamic libraries:
0x00007ff7aa450000 - 0x00007ff7aa45e000 	C:\Program Files\Eclipse Adoptium\jdk-25.0.4.101-hotspot\bin\java.exe
0x00007ffdb5150000 - 0x00007ffdb5368000 	C:\Windows\SYSTEM32\ntdll.dll
0x00007ffdb3520000 - 0x00007ffdb35e4000 	C:\Windows\System32\KERNEL32.DLL
0x00007ffdb2420000 - 0x00007ffdb27f3000 	C:\Windows\System32\KERNELBASE.dll
0x00007ffdb2c20000 - 0x00007ffdb2d31000 	C:\Windows\System32\ucrtbase.dll
0x00007ffd7c0b0000 - 0x00007ffd7c0ce000 	C:\Program Files\Eclipse Adoptium\jdk-25.0.4.101-hotspot\bin\VCRUNTIME140.dll
0x00007ffd7c090000 - 0x00007ffd7c0a6000 	C:\Program Files\Eclipse Adoptium\jdk-25.0.4.101-hotspot\bin\jli.dll
0x00007ffdb3fe0000 - 0x00007ffdb4192000 	C:\Windows\System32\USER32.dll
0x00007ffdb2bf0000 - 0x00007ffdb2c16000 	C:\Windows\System32\win32u.dll
0x00007ffd9bcd0000 - 0x00007ffd9bf6c000 	C:\Windows\WinSxS\amd64_microsoft.windows.common-controls_6595b64144ccf1df_6.0.22621.6060_none_2712eda17382d24b\COMCTL32.dll
0x00007ffdb50e0000 - 0x00007ffdb5109000 	C:\Windows\System32\GDI32.dll
0x00007ffdb35f0000 - 0x00007ffdb3697000 	C:\Windows\System32\msvcrt.dll
0x00007ffdb2260000 - 0x00007ffdb237b000 	C:\Windows\System32\gdi32full.dll
0x00007ffdb2380000 - 0x00007ffdb241a000 	C:\Windows\System32\msvcp_win.dll
0x00007ffdb47e0000 - 0x00007ffdb4811000 	C:\Windows\System32\IMM32.DLL
0x00007ffdad320000 - 0x00007ffdad32c000 	C:\Program Files\Eclipse Adoptium\jdk-25.0.4.101-hotspot\bin\vcruntime140_1.dll
0x00007ffd7c000000 - 0x00007ffd7c08d000 	C:\Program Files\Eclipse Adoptium\jdk-25.0.4.101-hotspot\bin\msvcp140.dll
0x00007ffcf2920000 - 0x00007ffcf3851000 	C:\Program Files\Eclipse Adoptium\jdk-25.0.4.101-hotspot\bin\server\jvm.dll
0x00007ffdb4470000 - 0x00007ffdb4521000 	C:\Windows\System32\ADVAPI32.dll
0x00007ffdb3270000 - 0x00007ffdb3318000 	C:\Windows\System32\sechost.dll
0x00007ffdb2d40000 - 0x00007ffdb2d68000 	C:\Windows\System32\bcrypt.dll
0x00007ffdb3400000 - 0x00007ffdb3518000 	C:\Windows\System32\RPCRT4.dll
0x00007ffdb41b0000 - 0x00007ffdb4221000 	C:\Windows\System32\WS2_32.dll
0x00007ffdb1080000 - 0x00007ffdb10cd000 	C:\Windows\SYSTEM32\POWRPROF.dll
0x00007ffdab220000 - 0x00007ffdab254000 	C:\Windows\SYSTEM32\WINMM.dll
0x00007ffda90b0000 - 0x00007ffda90ba000 	C:\Windows\SYSTEM32\VERSION.dll
0x00007ffdb1060000 - 0x00007ffdb1073000 	C:\Windows\SYSTEM32\UMPDC.dll
0x00007ffdb1300000 - 0x00007ffdb1318000 	C:\Windows\SYSTEM32\kernel.appcore.dll
0x00007ffd83750000 - 0x00007ffd8375a000 	C:\Program Files\Eclipse Adoptium\jdk-25.0.4.101-hotspot\bin\jimage.dll
0x00007ffdaf5f0000 - 0x00007ffdaf823000 	C:\Windows\SYSTEM32\DBGHELP.DLL
0x00007ffdb36a0000 - 0x00007ffdb3a31000 	C:\Windows\System32\combase.dll
0x00007ffdb4530000 - 0x00007ffdb4608000 	C:\Windows\System32\OLEAUT32.dll
0x00007ffda8ff0000 - 0x00007ffda9022000 	C:\Windows\SYSTEM32\dbgcore.DLL
0x00007ffdb28c0000 - 0x00007ffdb293b000 	C:\Windows\System32\bcryptPrimitives.dll
0x00007ffd7eaa0000 - 0x00007ffd7eaaf000 	C:\Program Files\Eclipse Adoptium\jdk-25.0.4.101-hotspot\bin\instrument.dll
0x00007ffd7bfe0000 - 0x00007ffd7bffe000 	C:\Program Files\Eclipse Adoptium\jdk-25.0.4.101-hotspot\bin\java.dll
0x00007ffdb3a40000 - 0x00007ffdb3be1000 	C:\Windows\System32\ole32.dll
0x00007ffdb4820000 - 0x00007ffdb50bc000 	C:\Windows\System32\SHELL32.dll
0x00007ffdb2ab0000 - 0x00007ffdb2bef000 	C:\Windows\System32\wintypes.dll
0x00007ffdb0120000 - 0x00007ffdb0a3a000 	C:\Windows\SYSTEM32\windows.storage.dll
0x00007ffdb4230000 - 0x00007ffdb4334000 	C:\Windows\System32\SHCORE.dll
0x00007ffdb3f70000 - 0x00007ffdb3fd9000 	C:\Windows\System32\shlwapi.dll
0x00007ffdb2190000 - 0x00007ffdb21b5000 	C:\Windows\SYSTEM32\profapi.dll
0x00007ffd7bfc0000 - 0x00007ffd7bfd6000 	C:\Program Files\Eclipse Adoptium\jdk-25.0.4.101-hotspot\bin\zip.dll
0x00007ffd7bfa0000 - 0x00007ffd7bfb1000 	C:\Program Files\Eclipse Adoptium\jdk-25.0.4.101-hotspot\bin\net.dll
0x00007ffdb17d0000 - 0x00007ffdb1839000 	C:\Windows\system32\mswsock.dll
0x00007ffd7bf80000 - 0x00007ffd7bf96000 	C:\Program Files\Eclipse Adoptium\jdk-25.0.4.101-hotspot\bin\nio.dll
0x00007ffd7dc90000 - 0x00007ffd7dca0000 	C:\Program Files\Eclipse Adoptium\jdk-25.0.4.101-hotspot\bin\verify.dll
0x00007ffdb1a40000 - 0x00007ffdb1a5b000 	C:\Windows\SYSTEM32\CRYPTSP.dll
0x00007ffdb1260000 - 0x00007ffdb1297000 	C:\Windows\system32\rsaenh.dll
0x00007ffdb18b0000 - 0x00007ffdb18d8000 	C:\Windows\SYSTEM32\USERENV.dll
0x00007ffdb1a60000 - 0x00007ffdb1a6c000 	C:\Windows\SYSTEM32\CRYPTBASE.dll
0x00007ffdb0d00000 - 0x00007ffdb0d2d000 	C:\Windows\SYSTEM32\IPHLPAPI.DLL
0x00007ffdb4610000 - 0x00007ffdb4619000 	C:\Windows\System32\NSI.dll
0x00007ffd7beb0000 - 0x00007ffd7beba000 	C:\Program Files\Eclipse Adoptium\jdk-25.0.4.101-hotspot\bin\management.dll
0x00007ffd7bea0000 - 0x00007ffd7beac000 	C:\Program Files\Eclipse Adoptium\jdk-25.0.4.101-hotspot\bin\management_ext.dll
0x00007ffdb3ee0000 - 0x00007ffdb3ee8000 	C:\Windows\System32\PSAPI.DLL
0x00007ffd70dc0000 - 0x00007ffd70dd7000 	C:\Windows\system32\napinsp.dll
0x00007ffd70da0000 - 0x00007ffd70dbb000 	C:\Windows\system32\pnrpnsp.dll
0x00007ffdb0d70000 - 0x00007ffdb0e68000 	C:\Windows\SYSTEM32\DNSAPI.dll
0x00007ffd70e00000 - 0x00007ffd70e11000 	C:\Windows\System32\winrnr.dll
0x00007ffd70de0000 - 0x00007ffd70df5000 	C:\Windows\system32\wshbth.dll
0x00007ffd70e20000 - 0x00007ffd70e41000 	C:\Windows\system32\nlansp_c.dll
0x0000000000370000 - 0x0000000000396000 	C:\Program Files\Bonjour\mdnsNSP.dll
0x00007ffdac0e0000 - 0x00007ffdac0ea000 	C:\Windows\System32\rasadhlp.dll
0x00007ffdab770000 - 0x00007ffdab7f4000 	C:\Windows\System32\fwpuclnt.dll
0x00007ffd5fa40000 - 0x00007ffd5fac4000 	C:\Users\jojob\AppData\Local\Temp\lwjgl_jojob\3.4.1+2\x64\lwjgl.dll
0x00007ffd5f9b0000 - 0x00007ffd5fa3a000 	C:\Users\jojob\AppData\Local\Temp\lwjgl_jojob\3.4.1+2\x64\glfw.dll
0x00007ffd56730000 - 0x00007ffd56776000 	C:\Windows\SYSTEM32\dinput8.dll
0x00007ffd73ab0000 - 0x00007ffd73ac1000 	C:\Windows\SYSTEM32\xinput1_4.dll
0x00007ffdb1f70000 - 0x00007ffdb1f9c000 	C:\Windows\SYSTEM32\DEVOBJ.dll
0x00007ffdb1f20000 - 0x00007ffdb1f6e000 	C:\Windows\SYSTEM32\cfgmgr32.dll
0x00007ffdaf500000 - 0x00007ffdaf52b000 	C:\Windows\SYSTEM32\dwmapi.dll
0x00007ffd6cdd0000 - 0x00007ffd6cfe5000 	C:\Windows\SYSTEM32\inputhost.dll
0x00007ffdade40000 - 0x00007ffdadf73000 	C:\Windows\SYSTEM32\CoreMessaging.dll
0x00007ffdaf270000 - 0x00007ffdaf323000 	C:\Windows\system32\uxtheme.dll
0x00007ffdb4680000 - 0x00007ffdb47e0000 	C:\Windows\System32\MSCTF.dll
0x00007ffcfb120000 - 0x00007ffcfb220000 	C:\Windows\SYSTEM32\opengl32.dll
0x00007ffd880d0000 - 0x00007ffd880fd000 	C:\Windows\SYSTEM32\GLU32.dll
0x00007ffdafa40000 - 0x00007ffdafa77000 	C:\Windows\SYSTEM32\dxcore.dll
0x00007ffdaae70000 - 0x00007ffdaaeb9000 	C:\Windows\SYSTEM32\directxdatabasehelper.dll
0x00007ffdb4350000 - 0x00007ffdb4400000 	C:\Windows\System32\clbcatq.dll
0x00007ffcc5130000 - 0x00007ffcc668e000 	C:\Windows\System32\DriverStore\FileRepository\iigd_dch.inf_amd64_38e51a298b862feb\igxelpicd64.dll
0x00007ffd82890000 - 0x00007ffd828b6000 	C:\Windows\SYSTEM32\d3d12.dll
0x00007ffdaf3f0000 - 0x00007ffdaf4e7000 	C:\Windows\SYSTEM32\dxgi.dll
0x00007ffcf55a0000 - 0x00007ffcf5747000 	C:\Windows\System32\DriverStore\FileRepository\iigd_dch.inf_amd64_38e51a298b862feb\igdml64.dll
0x00007ffda5b10000 - 0x00007ffda60a3000 	C:\Windows\System32\DriverStore\FileRepository\iigd_dch.inf_amd64_38e51a298b862feb\igdgmm64.dll
0x00007ffda09c0000 - 0x00007ffda5b09000 	C:\Windows\System32\DriverStore\FileRepository\iigd_dch.inf_amd64_38e51a298b862feb\igc64.dll
0x00007ffcf5330000 - 0x00007ffcf55a0000 	C:\Users\jojob\AppData\Local\Temp\lwjgl_jojob\3.4.1+2\x64\jemalloc.dll
0x00007ffd57280000 - 0x00007ffd5731a000 	C:\Users\jojob\AppData\Local\Temp\lwjgl_jojob\3.4.1+2\x64\lwjgl_stb.dll
0x00007ffdae3f0000 - 0x00007ffdae4ac000 	C:\Windows\SYSTEM32\mscms.dll
0x00007ffd5f440000 - 0x00007ffd5f489000 	C:\Windows\SYSTEM32\icm32.dll
0x00007ffd87880000 - 0x00007ffd879c5000 	C:\Windows\SYSTEM32\textinputframework.dll
0x00007ffda9af0000 - 0x00007ffda9e5c000 	C:\Windows\SYSTEM32\CoreUIComponents.dll
0x00007ffd57de0000 - 0x00007ffd57e3c000 	C:\Users\jojob\AppData\Local\Temp\lwjgl_jojob\3.4.1+2\x64\lwjgl_opengl.dll
0x00007ffd96ed0000 - 0x00007ffd96f20000 	C:\Windows\SYSTEM32\pdh.dll
0x00007ffd838c0000 - 0x00007ffd838d1000 	C:\Windows\System32\perfproc.dll
0x00007ffd833c0000 - 0x00007ffd833d0000 	C:\Windows\System32\perfos.dll
0x00007ffdafa80000 - 0x00007ffdafa90000 	C:\Windows\SYSTEM32\pfclient.dll
0x00007ffcf4730000 - 0x00007ffcf48c2000 	C:\Windows\SYSTEM32\vulkan-1.dll
0x00007ffcc1ea0000 - 0x00007ffcc2b28000 	C:\Users\jojob\AppData\Local\Temp\lwjgl_jojob\3.4.1+2\x64\shaderc.dll
0x00007ffcf4500000 - 0x00007ffcf472d000 	C:\Users\jojob\AppData\Local\Temp\lwjgl_jojob\3.4.1+2\x64\spirv-cross.dll
0x00007ffcf4220000 - 0x00007ffcf44f2000 	C:\Users\jojob\AppData\Local\Temp\lwjgl_jojob\3.4.1+2\x64\OpenAL.dll
0x00007ffdabcd0000 - 0x00007ffdabcdb000 	C:\Windows\SYSTEM32\AVRT.dll
0x00007ffcf3ff0000 - 0x00007ffcf4216000 	C:\Users\jojob\AppData\Local\Temp\lwjgl_jojob\3.4.1+2\x64\freetype.dll
0x00007ffdaced0000 - 0x00007ffdad148000 	C:\Windows\SYSTEM32\DWrite.dll
0x00007ffd2a930000 - 0x00007ffd2a949000 	C:\Windows\SYSTEM32\USP10.dll
0x00007ffd57230000 - 0x00007ffd57274000 	C:\Users\jojob\AppData\Local\Temp\lwjgl_jojob\3.4.1+2\x64\lwjgl_vma.dll
0x00007ffd571e0000 - 0x00007ffd57227000 	C:\Users\jojob\AppData\Local\Temp\lwjgl_jojob\3.4.1+2\x64\lwjgl_tinyfd.dll
0x00007ffdb3bf0000 - 0x00007ffdb3cf3000 	C:\Windows\System32\COMDLG32.dll
0x00007ffd566e0000 - 0x00007ffd56729000 	C:\Users\jojob\AppData\Local\Temp\jna-101305432\jna3622510410913527207.dll
0x00007ffd9ca80000 - 0x00007ffd9ca9d000 	C:\Windows\SYSTEM32\amsi.dll
0x00007ffd9c7d0000 - 0x00007ffd9c874000 	C:\ProgramData\Microsoft\Windows Defender\Platform\4.18.26080.4-0\MpOav.dll
0x00007ffdb10d0000 - 0x00007ffdb10e4000 	C:\Windows\SYSTEM32\Wtsapi32.dll
0x00007ffdb0c90000 - 0x00007ffdb0cfc000 	C:\Windows\SYSTEM32\WINSTA.dll

JVMTI agents:
D:\MINECRAFT MODDING\spore_nexus-26.2-multiloader\.gradle\architectury\architectury-transformer-agent.jar path:C:\Program Files\Eclipse Adoptium\jdk-25.0.4.101-hotspot\bin\instrument.dll, loaded, initialized, instrumentlib options:none

dbghelp: loaded successfully - version: 4.0.5 - missing functions: none
symbol engine: initialized successfully - sym options: 0x614 - pdb path: .;C:\Program Files\Eclipse Adoptium\jdk-25.0.4.101-hotspot\bin;C:\Windows\SYSTEM32;C:\Windows\WinSxS\amd64_microsoft.windows.common-controls_6595b64144ccf1df_6.0.22621.6060_none_2712eda17382d24b;C:\Program Files\Eclipse Adoptium\jdk-25.0.4.101-hotspot\bin\server;C:\Program Files\Bonjour;C:\Users\jojob\AppData\Local\Temp\lwjgl_jojob\3.4.1+2\x64;C:\Windows\System32\DriverStore\FileRepository\iigd_dch.inf_amd64_38e51a298b862feb;C:\Users\jojob\AppData\Local\Temp\jna-101305432;C:\ProgramData\Microsoft\Windows Defender\Platform\4.18.26080.4-0

VM Arguments:
jvm_args: -Darchitectury.main.class=D:\MINECRAFT MODDING\spore_nexus-26.2-multiloader\neoforge\.gradle\architectury\.main_class -Darchitectury.properties=D:\MINECRAFT MODDING\spore_nexus-26.2-multiloader\neoforge\.gradle\architectury\.properties -Darchitectury.runtime.transformer=D:\MINECRAFT MODDING\spore_nexus-26.2-multiloader\neoforge\.gradle\architectury\.transforms -Dfabric.dli.config=D:\MINECRAFT@@0020MODDING\spore_nexus-26.2-multiloader\.gradle\loom-cache\projects\neoforge\launch.cfg -Dfabric.dli.env=client -Dfabric.dli.main=net.neoforged.fml.startup.Client -Djdk.attach.allowAttachSelf=true --sun-misc-unsafe-memory-access=allow --enable-native-access=ALL-UNNAMED --add-opens=java.base/java.lang.invoke=ALL-UNNAMED --add-exports=jdk.naming.dns/com.sun.jndi.dns=java.naming -javaagent:D:\MINECRAFT MODDING\spore_nexus-26.2-multiloader\.gradle\architectury\architectury-transformer-agent.jar -XX:StackShadowPages=32 --sun-misc-unsafe-memory-access=allow --enable-native-access=ALL-UNNAMED -Dfile.encoding=UTF-8 -Duser.country=FR -Duser.language=fr -Duser.variant 
java_command: dev.architectury.transformer.TransformerRuntime
java_class_path (initial): D:\MINECRAFT MODDING\spore_nexus-26.2-multiloader\neoforge\build\classes\java\main;D:\MINECRAFT MODDING\spore_nexus-26.2-multiloader\neoforge\build\resources\main;C:\Users\jojob\.gradle\caches\fabric-loom\26.2\neoforge\26.2.0.52-beta\forge-universal.jar;C:\Users\jojob\.gradle\caches\fabric-loom\26.2\neoforge\26.2.0.52-beta\client-extra.jar;C:\Users\jojob\.gradle\caches\modules-2\files-2.1\dev.architectury\architectury-transformer\5.2.92\1ea8fe9cb282e9a2ced97868b5bd022bfaa8dbd\architectury-transformer-5.2.92-agent.jar;C:\Users\jojob\.gradle\caches\modules-2\files-2.1\dev.architectury\architectury-transformer\5.2.92\bdb7ff889a4e1acf8b9bc1914c51d73c0764dd4b\architectury-transformer-5.2.92-runtime.jar;D:\MINECRAFT MODDING\spore_nexus-26.2-multiloader\common\build\libs\sporenexus-common-1.0-26.3-dev.jar;C:\Users\jojob\.gradle\caches\modules-2\files-2.1\net.neoforged.fancymodloader\earlydisplay\11.0.16\2d357375a7ea94a1ca86042d48fa4f719a552894\earlydisplay-11.0.16.jar;C:\Users\jojob\.gradle\caches\modules-2\files-2.1\net.neoforged.fancymodloader\loader\11.0.16\42d3bfead0ba3aa89c7d45ac29115defc9967219\loader-11.0.16.jar;C:\Users\jojob\.gradle\caches\modules-2\files-2.1\net.neoforged\accesstransformers\11.0.2\25dcb69c78b16669935f0ab91dff830ce192379d\accesstransformers-11.0.2.jar;C:\Users\jojob\.gradle\caches\modules-2\files-2.1\net.fabricmc\sponge-mixin\0.17.3+mixin.0.8.7\41c4a3984a80f4679e759fb9f495587acc5cdac7\sponge-mixin-0.17.3+mixin.0.8.7.jar;C:\Users\jojob\.gradle\caches\modules-2\files-2.1\org.ow2.asm\asm-commons\9.10.1\4229e4c55fd8e01c23f9fe9884075cc628aacc50\asm-commons-9.10.1.jar;C:\Users\jojob\.gradle\caches\modules-2\files-2.1\net.neoforged\mergetool\2.0.7\793b18456e92c4a7f66d9b5d8bf7a9c1c7a20b20\mergetool-2.0.7-api.jar;C:\Users\jojob\.gradle\caches\modules-2\files-2.1\org.ow2.asm\asm-util\9.10.1\7bb9d450e8d4cbf9f9e04096c44bbfe7fba80b15\asm-util-9.10.1.jar;C:\Users\jojob\.gradle\caches\modules-2\files-2.1\org.ow2.asm\asm-analysis\9.10.1\8d49f14d51f632cb1d87c88d1ceaf50db0d8af1b\asm-analysis-9.10.1.jar;C:\Users\jojob\.gradle\caches\modules-2\files-2.1\org.ow2.asm\asm-tree\9.10.1\e244332a17564c1d1572449399a842de35881be2\asm-tree-9.10.1.jar;C:\Users\jojob\.gradle\caches\modules-2\files-2.1\net.neoforged\bus\8.0.5\5b2d33285ab5d1554e9798ad98c40d6ea3868bd5\bus-8.0.5.jar;C:\Users\jojob\.gradle\caches\modules-2\files-2.1\org.ow2.asm\asm\9.10.1\ada2141c0cc52ee8f5c48cd5fa4ce0e794f22236\asm-9.10.1.jar;C:\Users\jojob\.gradle\caches\modules-2\files-2.1\com.electronwill.night-config\toml\3.9.0\8548891033db17e8f219b453cac38fb865ee4224\toml-3.9.0.jar;C:\Users\jojob\.gradle\caches\modules-2\files-2.1\com.electronwill.night-config\core\3.9.0\29bba7ced5c9768adda06384c61fff2c33dc5e05\core-3.9.0.jar;C:\Users\jojob\.gradle\caches\modules-2\files-2.1\net.neoforged\JarJarSelector\0.5.1\fb620ee1e164b0d4e527759df69317237c51133d\JarJarSelector-0.5.1.jar;C:\Users\jojob\.gradle\caches\modules-2\files-2.1\net.neoforged\JarJarMetadata\0.5.1\9344da1c9bab76064f484a0d5921a1ca290a716\JarJarMetadata-0.5.1.jar;C:\Users\jojob\.gradle\caches\modules-2\files-2.1\org.apache.maven\maven-artifact\3.9.16\1176c6579a8a68508c3479ef72d514e71c98ddca\maven-artifact-3.9.16.jar;C:\Users\jojob\.gradle\caches\modules-2\files-2.1\net.jodah\typetools\0.6.3\a01aaa6ddaea9ec07ec4f209487b7a46a526283a\typetools-0.6.3.jar;C:\Users\jojob\.gradle\caches\modules-2\files-2.1\net.minecrell\terminalconsoleappender\1.3.0\b562e9bb61235c9520e26282cdee71f8f802d1fc\terminalconsoleappender-1.3.0.jar;C:\Users\jojob\.gradle\caches\modules-2\files-2.1\io.github.llamalad7\mixinextras-neoforge\0.5.4\3cb0fec08c25e18fddf797fbdc1b9db83dc4e92f\mixinextras-neoforge-0.5.4.jar;C:\Users\jojob\.gradle\caches\modules-2\files-2.1\net.sf.jopt-simple\jopt-simple\5.0.4\4fdac2fbe92dfad86aa6e9301736f6b4342a3f5c\jopt-simple-5.0.4.jar;C:\Users\jojob\.gradle\caches\modules-2\files-2.1\commons-io\commons-io\2.20.0\36f3474daec2849c149e877614e7f979b2082cd2\commons-io-2.20.0.jar;C:\Users\jojob\.gradle\caches\modules-2\files-2.1\org.lwjgl\lwjgl-tinyfd\3.4.1\562697d40dbd2ed0424bf24dcf65d51170f81adf\lwjgl-tinyfd-3.4.1.jar;C:\Users\jojob\.gradle\caches\modules-2\files-2.1\org.lwjgl\lwjgl-tinyfd\3.4.1\bdd8c03151cc94460247986f843d134ae8f9406a\lwjgl-tinyfd-3.4.1-natives-windows.jar;C:\Users\jojob\.gradle\caches\modules-2\files-2.1\org.lwjgl\lwjgl-tinyfd\3.4.1\9c93b8211856bfe682f3225ccac811e74243f98e\lwjgl-tinyfd-3.4.1-natives-windows-arm64.jar;C:\Users\jojob\.gradle\caches\modules-2\files-2.1\org.lwjgl\lwjgl-tinyfd\3.4.1\f585da74a17695ba38351697712c03784ee1348b\lwjgl-tinyfd-3.4.1-natives-windows-x86.jar;C:\Users\jojob\.gradle\caches\modules-2\files-2.1\com.mojang\logging\1.7.12\351cea64a5233361327d8d54c44277041beed97f\logging-1.7.12.jar;C:\Users\jojob\.gradle\caches\modules-2\files-2.1\org.apache.logging.log4j\log4j-slf4j2-impl\2.26.0\668c0f0e813d83f00a7182533aa658ec7e7a0a0d\log4j-slf4j2-impl-2.26.0.jar;C:\Users\jojob\.gradle\caches\modules-2\files-2.1\org.apache.logging.log4j\log4j-core\2.26.0\d267ca60b27ddb075e0b4e75e7875859717bf85f\log4j-core-2.26.0.jar;C:\Users\jojob\.gradle\caches\modules-2\files-2.1\org.apache.logging.log4j\log4j-api\2.26.0\ad52af0ecf054a7e3f275a2e180ee06d9c490951\log4j-api-2.26.0.jar;C:\Users\jojob\.gradle\caches\modules-2\files-2.1\com.google.guava\guava\33.6.0-jre\c376b13067cc99a5774403530953f7b05a91e218\guava-33.6.0-jre.jar;C:\Users\jojob\.gradle\caches\modules-2\files-2.1\com.google.code.gson\gson\2.14.0\efc0e34ede4e3204eaefb84a00e55e8c86634382\gson-2.14.0.jar;C:\Users\jojob\.gradle\caches\modules-2\files-2.1\org.apache.commons\commons-lang3\3.20.0\65897b3e5731220962e659e001904af3c3cbeba9\commons-lang3-3.20.0.jar;C:\Users\jojob\.gradle\caches\modules-2\files-2.1\net.neoforged.accesstransformers\at-parser\11.0.2\64aae57d6d26d69543c5275181fe6971707a4e16\at-parser-11.0.2.jar;C:\Users\jojob\.gradle\caches\modules-2\files-2.1\org.slf4j\slf4j-api\2.0.17\d9e58ac9c7779ba3bf8142aff6c830617a7fe60f\slf4j-api-2.0.17.jar;C:\Users\jojob\.gradle\caches\modules-2\files-2.1\net.neoforged\srgutils\1.0.10\abb471237b33b19f040ada00bfbad1ec45b949b6\srgutils-1.0.10.jar;C:\Users\jojob\.gradle\caches\modules-2\files-2.1\org.codehaus.plexus\plexus-utils\3.6.1\9dce1b9c69b197f453223e45a2cb9fa0cd48b424\plexus-utils-3.6.1.jar;C:\Users\jojob\.gradle\caches\modules-2\files-2.1\org.jline\jline-reader\3.20.0\8f15415b022a25b473e8e16c28ae913186ffb9c4\jline-reader-3.20.0.jar;C:\Users\jojob\.gradle\caches\modules-2\files-2.1\com.google.guava\failureaccess\1.0.3\aeaffd00d57023a2c947393ed251f0354f0985fc\failureaccess-1.0.3.jar;C:\Users\jojob\.gradle\caches\modules-2\files-2.1\com.google.guava\listenablefuture\9999.0-empty-to-avoid-conflict-with-guava\b421526c5f297295adef1c886e5246c39d4ac629\listenablefuture-9999.0-empty-to-avoid-conflict-with-guava.jar;C:\Users\jojob\.gradle\caches\modules-2\files-2.1\com.google.errorprone\error_prone_annotations\2.48.0\bbe30942a31d1778c74cb272321267eca82dc708\error_prone_annotations-2.48.0.jar;C:\Users\jojob\.gradle\caches\modules-2\files-2.1\com.google.j2objc\j2objc-annotations\3.1\a892ca9507839bbdb900d64310ac98256cab992f\j2objc-annotations-3.1.jar;C:\Users\jojob\.gradle\caches\modules-2\files-2.1\org.jline\jline-terminal\3.20.0\d0ddcc708ddf527a3454c941b7b9225cc83a15ff\jline-terminal-3.20.0.jar;C:\Users\jojob\.gradle\caches\modules-2\files-2.1\org.jspecify\jspecify\1.0.0\7425a601c1c7ec76645a78d22b8c6a627edee507\jspecify-1.0.0.jar;C:\Users\jojob\.gradle\caches\modules-2\files-2.1\org.lwjgl\lwjgl-glfw\3.4.1\a782b1ddd175c9107bf300fd92920579ea65e2a4\lwjgl-glfw-3.4.1.jar;C:\Users\jojob\.gradle\caches\modules-2\files-2.1\org.lwjgl\lwjgl-glfw\3.4.1\2eb4aa895ea190ba8cf4356f8cea24d3ebb40ea1\lwjgl-glfw-3.4.1-natives-windows.jar;C:\Users\jojob\.gradle\caches\modules-2\files-2.1\org.lwjgl\lwjgl-glfw\3.4.1\196101d96d9b2aa73264a96ae1dc8944a1446cee\lwjgl-glfw-3.4.1-natives-windows-arm64.jar;C:\Users\jojob\.gradle\caches\modules-2\files-2.1\org.lwjgl\lwjgl-glfw\3.4.1\a48bbdd544f00c88f8906e9d09e3f31bc1c17fac\lwjgl-glfw-3.4.1-natives-windows-x86.jar;C:\Users\jojob\.gradle\caches\modules-2\files-2.1\org.lwjgl\lwjgl-opengl\3.4.1\830412cab823c029cda6b9729f9d2ed36cf79959\lwjgl-opengl-3.4.1.jar;C:\Users\jojob\.gradle\caches\modules-2\files-2.1\org.lwjgl\lwjgl-opengl\3.4.1\617f37ef4e2ffb727bd5e74333e8073ef43ca1ec\lwjgl-opengl-3.4.1-natives-windows.jar;C:\Users\jojob\.gradle\caches\modules-2\files-2.1\org.lwjgl\lwjgl-opengl\3.4.1\4b6a9c5d7d5325312b740d9886087b7292b43bf9\lwjgl-opengl-3.4.1-natives-windows-arm64.jar;C:\Users\jojob\.gradle\caches\modules-2\files-2.1\org.lwjgl\lwjgl-opengl\3.4.1\cfd47352b758a0c9f7046de467b103182ec77eb1\lwjgl-opengl-3.4.1-natives-windows-x86.jar;C:\Users\jojob\.gradle\caches\modules-2\files-2.1\org.lwjgl\lwjgl-stb\3.4.1\f077c3dafc31924fbe8acb0b913f08977ba27f8e\lwjgl-stb-3.4.1.jar;C:\Users\jojob\.gradle\caches\modules-2\files-2.1\org.lwjgl\lwjgl-stb\3.4.1\b4e13ece83c228ecf57354639d8555076a989d74\lwjgl-stb-3.4.1-natives-windows.jar;C:\Users\jojob\.gradle\caches\modules-2\files-2.1\org.lwjgl\lwjgl-stb\3.4.1\7f4c39b3d56c7bae4900ee6e59d8f75432bdb18f\lwjgl-stb-3.4.1-natives-windows-arm64.jar;C:\Users\jojob\.gradle\caches\modules-2\files-2.1\org.lwjgl\lwjgl-stb\3.4.1\e091cd3b25ab7db88f0e34a0d2797dc396a528fa\lwjgl-stb-3.4.1-natives-windows-x86.jar;C:\Users\jojob\.gradle\caches\modules-2\files-2.1\org.lwjgl\lwjgl\3.4.1\6105690714874b995aa7812e4f7732a21109276c\lwjgl-3.4.1.jar;C:\Users\jojob\.gradle\caches\modules-2\files-2.1\org.lwjgl\lwjgl\3.4.1\129e06a04f93992cb2a45172435b21fc4b60dd7d\lwjgl-3.4.1-unsafe.jar;C:\Users\jojob\.gradle\caches\modules-2\files-2.1\org.lwjgl\lwjgl\3.4.1\96a217f0428ab73487f114a54179a4f41e851a04\lwjgl-3.4.1-natives-windows.jar;C:\Users\jojob\.gradle\caches\modules-2\files-2.1\org.lwjgl\lwjgl\3.4.1\d1d3a7052da47ccde2a5fdf3a1bd45d801c3157c\lwjgl-3.4.1-natives-windows-arm64.jar;C:\Users\jojob\.gradle\caches\modules-2\files-2.1\org.lwjgl\lwjgl\3.4.1\65de43bd52507e108a58247c0da57a50ce3ee6f6\lwjgl-3.4.1-natives-windows-x86.jar;C:\Users\jojob\.gradle\caches\modules-2\files-2.1\dev.architectury\architectury-neoforge\21.0.7\c47ec87515e86af442baf5fb820ec271ac04fbac\architectury-neoforge-21.0.7.jar;C:\Users\jojob\.gradle\caches\modules-2\files-2.1\net.fabricmc\dev-launch-injector\0.2.1+build.8\da8bef7e6e2f952da707f282bdb46882a0fce5e3\dev-launch-injector-0.2.1+build.8.jar;C:\Users\jojob\.gradle\caches\modules-2\files-2.1\at.yawk.lz4\lz4-java\1.10.1\f541d7f910fe3d76f38f799c507c48cc81b12ecb\lz4-java-1.10.1.jar;C:\Users\jojob\.gradle\caches\modules-2\files-2.1\com.azure\azure-json\1.4.0\fcc1d354dbc3e0300e5276b1bf124d0247799cd8\azure-json-1.4.0.jar;C:\Users\jojob\.gradle\caches\modules-2\files-2.1\com.github.oshi\oshi-core\6.9.0\3224870731860cfcd7744581a05b559e94291e7\oshi-core-6.9.0.jar;C:\Users\jojob\.gradle\caches\modules-2\files-2.1\com.ibm.icu\icu4j\78.3\6a851a53bb1f25689fc418dcc8935b0d93580adf\icu4j-78.3.jar;C:\Users\jojob\.gradle\caches\modules-2\files-2.1\com.microsoft.azure\msal4j\1.24.1\c233f2d047b9755f7041adf21a858c680e4c9242\msal4j-1.24.1.jar;C:\Users\jojob\.gradle\caches\modules-2\files-2.1\com.mojang\authlib\9.0.75\d61056a234d5e4b272e09d59b0713f80d6c0b6af\authlib-9.0.75.jar;C:\Users\jojob\.gradle\caches\modules-2\files-2.1\com.mojang\blocklist\1.0.10\5c685c5ffa94c4cd39496c7184c1d122e515ecef\blocklist-1.0.10.jar;C:\Users\jojob\.gradle\caches\modules-2\files-2.1\com.mojang\brigadier\1.3.10\d15b53a14cf20fdcaa98f731af5dda654452c010\brigadier-1.3.10.jar;C:\Users\jojob\.gradle\caches\modules-2\files-2.1\com.mojang\datafixerupper\10.0.21\b6b2ae770c02e0c1eb90f9985b151e9085a38d0b\datafixerupper-10.0.21.jar;C:\Users\jojob\.gradle\caches\modules-2\files-2.1\com.mojang\jtracy\1.0.37\a3fb649b2e2b2288d2978f0b0bc3d83f62809d1e\jtracy-1.0.37.jar;C:\Users\jojob\.gradle\caches\modules-2\files-2.1\com.mojang\jtracy\1.0.37\6ff6d710fd4ffd470f2799653fab57e27fed0c9d\jtracy-1.0.37-natives-windows.jar;C:\Users\jojob\.gradle\caches\modules-2\files-2.1\com.mojang\patchy\2.2.10\da05971b07cbb379d002cf7eaec6a2048211fefc\patchy-2.2.10.jar;C:\Users\jojob\.gradle\caches\modules-2\files-2.1\com.mojang\text2speech\1.19.12\2e517a75c79d34d32de2b5d68422150836c2133e\text2speech-1.19.12.jar;C:\Users\jojob\.gradle\caches\modules-2\files-2.1\commons-codec\commons-codec\1.22.0\6b3eb4beb7058c2a638f5f17bcb388649fd339dd\commons-codec-1.22.0.jar;C:\Users\jojob\.gradle\caches\modules-2\files-2.1\io.netty\netty-buffer\4.2.15.Final\2beb620803bf871cda2dd5d46b8f831e8015dd34\netty-buffer-4.2.15.Final.jar;C:\Users\jojob\.gradle\caches\modules-2\files-2.1\io.netty\netty-codec-base\4.2.15.Final\e97149fdd5fb04858efa90e314651c8d700dc68b\netty-codec-base-4.2.15.Final.jar;C:\Users\jojob\.gradle\caches\modules-2\files-2.1\io.netty\netty-codec-compression\4.2.15.Final\89fc4a20b7ae6af974304b1695405e62c4f9b16d\netty-codec-compression-4.2.15.Final.jar;C:\Users\jojob\.gradle\caches\modules-2\files-2.1\io.netty\netty-codec-http\4.2.15.Final\e611826aa054371bb9a17f27bdb05755a4cac5f0\netty-codec-http-4.2.15.Final.jar;C:\Users\jojob\.gradle\caches\modules-2\files-2.1\io.netty\netty-common\4.2.15.Final\7222492c1af9c2d4d78d521eea340a619e242fda\netty-common-4.2.15.Final.jar;C:\Users\jojob\.gradle\caches\modules-2\files-2.1\io.netty\netty-handler\4.2.15.Final\d5344afd1148e3b9927a74be019605ebb0937a93\netty-handler-4.2.15.Final.jar;C:\Users\jojob\.gradle\caches\modules-2\files-2.1\io.netty\netty-resolver\4.2.15.Final\b961a16d379b508b473e064ba06842bba280f4e3\netty-resolver-4.2.15.Final.jar;C:\Users\jojob\.gradle\caches\modules-2\files-2.1\io.netty\netty-transport-classes-epoll\4.2.15.Final\44bafba9c9993800e955b365bba4981326f3f3b1\netty-transport-classes-epoll-4.2.15.Final.jar;C:\Users\jojob\.gradle\caches\modules-2\files-2.1\io.netty\netty-transport-classes-kqueue\4.2.15.Final\f248656bb907607c5a41c7b61fd918a97db79250\netty-transport-classes-kqueue-4.2.15.Final.jar;C:\Users\jojob\.gradle\caches\modules-2\files-2.1\io.netty\netty-transport-native-unix-common\4.2.15.Final\efb6943b4de9e0226a5ac35330f232605424af02\netty-transport-native-unix-common-4.2.15.Final.jar;C:\Users\jojob\.gradle\caches\modules-2\files-2.1\io.netty\netty-transport\4.2.15.Final\a000c3a6196ee40207b73ac619dcb339409dd62f\netty-transport-4.2.15.Final.jar;C:\Users\jojob\.gradle\caches\modules-2\files-2.1\it.unimi.dsi\fastutil\8.5.18\a6cff377eecc19c2037bf31568a6d7106b50ba1f\fastutil-8.5.18.jar;C:\Users\jojob\.gradle\caches\modules-2\files-2.1\net.java.dev.jna\jna-platform\5.17.0\a4934c44d25a9d8c2ddf4203affd20330cb3426f\jna-platform-5.17.0.jar;C:\Users\jojob\.gradle\caches\modules-2\files-2.1\net.java.dev.jna\jna\5.17.0\33d12735bef894440780fce64f9758d420c7bae2\jna-5.17.0.jar;C:\Users\jojob\.gradle\caches\modules-2\files-2.1\org.apache.commons\commons-compress\1.28.0\e482f2c7a88dac3c497e96aa420b6a769f59c8d7\commons-compress-1.28.0.jar;C:\Users\jojob\.gradle\caches\modules-2\files-2.1\org.jcraft\jorbis\0.0.17\8872d22b293e8f5d7d56ff92be966e6dc28ebdc6\jorbis-0.0.17.jar;C:\Users\jojob\.gradle\caches\modules-2\files-2.1\org.joml\joml\1.10.8\fc0a71dad90a2cf41d82a76156a0e700af8e4f8d\joml-1.10.8.jar;C:\Users\jojob\.gradle\caches\modules-2\files-2.1\org.lwjgl\lwjgl-freetype\3.4.1\caa75a37e857efc9b0686e434d708d6420c5b6ea\lwjgl-freetype-3.4.1.jar;C:\Users\jojob\.gradle\caches\modules-2\files-2.1\org.lwjgl\lwjgl-freetype\3.4.1\32fc9cfd236aca5433d53af78bfb15f1b4c1103e\lwjgl-freetype-3.4.1-natives-windows.jar;C:\Users\jojob\.gradle\caches\modules-2\files-2.1\org.lwjgl\lwjgl-freetype\3.4.1\a677b4a7bba84f925b4cc4f52a58c5248974bdeb\lwjgl-freetype-3.4.1-natives-windows-arm64.jar;C:\Users\jojob\.gradle\caches\modules-2\files-2.1\org.lwjgl\lwjgl-freetype\3.4.1\81431d868bcf162d4c915b9c39b2c7aae155ad4f\lwjgl-freetype-3.4.1-natives-windows-x86.jar;C:\Users\jojob\.gradle\caches\modules-2\files-2.1\org.lwjgl\lwjgl-jemalloc\3.4.1\16b663092854fc6adfe0a941e61cae2bb2e437b6\lwjgl-jemalloc-3.4.1.jar;C:\Users\jojob\.gradle\caches\modules-2\files-2.1\org.lwjgl\lwjgl-jemalloc\3.4.1\70db8048d1aca8a6365f46f9963b8d6cd77b9e94\lwjgl-jemalloc-3.4.1-natives-windows.jar;C:\Users\jojob\.gradle\caches\modules-2\files-2.1\org.lwjgl\lwjgl-jemalloc\3.4.1\662e0926dd990f679e1cfb31d710d22d175bdabc\lwjgl-jemalloc-3.4.1-natives-windows-arm64.jar;C:\Users\jojob\.gradle\caches\modules-2\files-2.1\org.lwjgl\lwjgl-jemalloc\3.4.1\d8cf69e1155df83260f9bbe01944fe91f8ca3955\lwjgl-jemalloc-3.4.1-natives-windows-x86.jar;C:\Users\jojob\.gradle\caches\modules-2\files-2.1\org.lwjgl\lwjgl-openal\3.4.1\8508bd60589de0539aa465b78fcf838efd07ae9a\lwjgl-openal-3.4.1.jar;C:\Users\jojob\.gradle\caches\modules-2\files-2.1\org.lwjgl\lwjgl-openal\3.4.1\8e83fdfdf65c80c9877c6fb6cb645d239ed7638\lwjgl-openal-3.4.1-natives-windows.jar;C:\Users\jojob\.gradle\caches\modules-2\files-2.1\org.lwjgl\lwjgl-openal\3.4.1\4b996cc3321a807ee34e7ce53aba7fe529dc485a\lwjgl-openal-3.4.1-natives-windows-arm64.jar;C:\Users\jojob\.gradle\caches\modules-2\files-2.1\org.lwjgl\lwjgl-openal\3.4.1\9e4bab87e9b89876fa77ea3c19e1b45334b97c10\lwjgl-openal-3.4.1-natives-windows-x86.jar;C:\Users\jojob\.gradle\caches\modules-2\files-2.1\org.lwjgl\lwjgl-shaderc\3.4.1\5c02c88f0d879529014c78463b76f43fdecfd272\lwjgl-shaderc-3.4.1.jar;C:\Users\jojob\.gradle\caches\modules-2\files-2.1\org.lwjgl\lwjgl-shaderc\3.4.1\daacbaeb2c1dfd00db83f4b7cc2c76901eb297bd\lwjgl-shaderc-3.4.1-natives-windows.jar;C:\Users\jojob\.gradle\caches\modules-2\files-2.1\org.lwjgl\lwjgl-shaderc\3.4.1\50884f728fdd7cff33731403fdc53b724ff09c85\lwjgl-shaderc-3.4.1-natives-windows-arm64.jar;C:\Users\jojob\.gradle\caches\modules-2\files-2.1\org.lwjgl\lwjgl-shaderc\3.4.1\cd3ab907c096e27a9024917dcab4379e90c7799d\lwjgl-shaderc-3.4.1-natives-windows-x86.jar;C:\Users\jojob\.gradle\caches\modules-2\files-2.1\org.lwjgl\lwjgl-spvc\3.4.1\188553592e97b5ab2dba54a1b403ee80b48dad4c\lwjgl-spvc-3.4.1.jar;C:\Users\jojob\.gradle\caches\modules-2\files-2.1\org.lwjgl\lwjgl-spvc\3.4.1\b7f14df71a9657103324101f61df09dcfb28cf28\lwjgl-spvc-3.4.1-natives-windows.jar;C:\Users\jojob\.gradle\caches\modules-2\files-2.1\org.lwjgl\lwjgl-spvc\3.4.1\a60a8d48822ec9449a5de9b6c50e5ed6ae7e8e9f\lwjgl-spvc-3.4.1-natives-windows-arm64.jar;C:\Users\jojob\.gradle\caches\modules-2\files-2.1\org.lwjgl\lwjgl-spvc\3.4.1\cea4bc145dce25e8a436575f9034a7bd142b0528\lwjgl-spvc-3.4.1-natives-windows-x86.jar;C:\Users\jojob\.gradle\caches\modules-2\files-2.1\org.lwjgl\lwjgl-vma\3.4.1\2c54ce10154feb1ede4d23c5947438cdbfdcc003\lwjgl-vma-3.4.1.jar;C:\Users\jojob\.gradle\caches\modules-2\files-2.1\org.lwjgl\lwjgl-vma\3.4.1\4f08490dbd8f9e08385c9f2040ff1f40c2a762d2\lwjgl-vma-3.4.1-natives-windows.jar;C:\Users\jojob\.gradle\caches\modules-2\files-2.1\org.lwjgl\lwjgl-vma\3.4.1\bfbf1a41c54641f396ba42541075f5db517c7ad9\lwjgl-vma-3.4.1-natives-windows-arm64.jar;C:\Users\jojob\.gradle\caches\modules-2\files-2.1\org.lwjgl\lwjgl-vma\3.4.1\c6abacce75eeb8e23bd88ad89faf233be6e053c3\lwjgl-vma-3.4.1-natives-windows-x86.jar;C:\Users\jojob\.gradle\caches\modules-2\files-2.1\org.lwjgl\lwjgl-vulkan\3.4.1\d0601fdc38890755e5638048c14cc0f7b990964b\lwjgl-vulkan-3.4.1.jar;C:\Users\jojob\.gradle\caches\fabric-loom\minecraftMaven\net\minecraft\neoforge-26.2.0.52-beta-minecraft-merged-deobf\26.2\neoforge-26.2.0.52-beta-minecraft-merged-deobf-26.2.jar;C:\Users\jojob\.gradle\caches\modules-2\files-2.1\io.netty\netty-transport-native-epoll\4.2.15.Final\ce256127f8ed3f076756f1f4dcb5877d65d1f1c2\netty-transport-native-epoll-4.2.15.Final-linux-x86_64.jar;C:\Users\jojob\.gradle\caches\modules-2\files-2.1\io.netty\netty-transport-native-epoll\4.2.15.Final\cccd31f2c8e966ab1e7a4d2293c8a3965628fe73\netty-transport-native-epoll-4.2.15.Final-linux-aarch_64.jar;C:\Users\jojob\.gradle\caches\modules-2\files-2.1\io.netty\netty-transport-native-kqueue\4.2.15.Final\4245380831515fb4eca18d32477a27fbb8f7b8f4\netty-transport-native-kqueue-4.2.15.Final-osx-x86_64.jar;C:\Users\jojob\.gradle\caches\modules-2\files-2.1\io.netty\netty-transport-native-kqueue\4.2.15.Final\8ea0ef3eb716d821332e4b4926825a4b7c1a6d38\netty-transport-native-kqueue-4.2.15.Final-osx-aarch_64.jar
Launcher Type: SUN_STANDARD

[Global flags]
     intx CICompilerCount                          = 12                                        {product} {ergonomic}
     uint ConcGCThreads                            = 4                                         {product} {ergonomic}
     uint G1ConcRefinementThreads                  = 15                                        {product} {ergonomic}
   size_t G1HeapRegionSize                         = 8388608                                   {product} {ergonomic}
   size_t InitialHeapSize                          = 805306368                                 {product} {ergonomic}
   size_t MarkStackSize                            = 4194304                                   {product} {ergonomic}
   size_t MarkStackSizeMax                         = 536870912                                 {product} {ergonomic}
   size_t MaxHeapSize                              = 12792627200                               {product} {ergonomic}
   size_t MaxNewSize                               = 7675576320                                {product} {ergonomic}
   size_t MinHeapDeltaBytes                        = 8388608                                   {product} {ergonomic}
   size_t MinHeapSize                              = 8388608                                   {product} {ergonomic}
    uintx NonNMethodCodeHeapSize                   = 7667712                                {pd product} {ergonomic}
    uintx NonProfiledCodeHeapSize                  = 122028032                              {pd product} {ergonomic}
    uintx ProfiledCodeHeapSize                     = 122028032                              {pd product} {ergonomic}
    uintx ReservedCodeCacheSize                    = 251723776                              {pd product} {ergonomic}
     bool SegmentedCodeCache                       = true                                      {product} {ergonomic}
   size_t SoftMaxHeapSize                          = 12792627200                            {manageable} {ergonomic}
     intx StackShadowPages                         = 32                                     {pd product} {command line}
     bool UseCompressedOops                        = true                           {product lp64_product} {ergonomic}
     bool UseG1GC                                  = true                                      {product} {ergonomic}
     bool UseLargePagesIndividualAllocation        = false                                  {pd product} {ergonomic}

Logging:
Log output configuration:
 #0: stdout all=warning uptime,level,tags foldmultilines=false
 #1: stderr all=off uptime,level,tags foldmultilines=false

Release file:
IMPLEMENTOR="Eclipse Adoptium" 
IMPLEMENTOR_VERSION="Temurin-25.0.4.1+1" 
JAVA_RUNTIME_VERSION="25.0.4.1+1-LTS" 
JAVA_VERSION="25.0.4.1" 
JAVA_VERSION_DATE="2026-08-18" 
LIBC="default" 
MODULES="java.base java.compiler java.datatransfer java.xml java.prefs java.desktop java.instrument java.logging java.management java.security.sasl java.naming java.rmi java.management.rmi java.net.http java.scripting java.security.jgss java.transaction.xa java.sql java.sql.rowset java.xml.crypto java.se java.smartcardio jdk.accessibility jdk.internal.jvmstat jdk.attach jdk.charsets jdk.internal.opt jdk.zipfs jdk.compiler jdk.crypto.cryptoki jdk.crypto.ec jdk.crypto.mscapi jdk.dynalink jdk.internal.ed jdk.editpad jdk.internal.vm.ci jdk.graal.compiler jdk.graal.compiler.management jdk.hotspot.agent jdk.httpserver jdk.incubator.vector jdk.internal.le jdk.internal.md jdk.jartool jdk.javadoc jdk.jcmd jdk.management jdk.management.agent jdk.jconsole jdk.jdeps jdk.jdwp.agent jdk.jdi jdk.jfr jdk.jlink jdk.jpackage jdk.jshell jdk.jsobject jdk.jstatd jdk.localedata jdk.management.jfr jdk.naming.dns jdk.naming.rmi jdk.net jdk.nio.mapmode jdk.sctp jdk.security.auth jdk.security.jgss jdk.unsupported jdk.unsupported.desktop jdk.xml.dom" 
OS_ARCH="x86_64" 
OS_NAME="Windows" 
SOURCE=".:git:520406d87195" 
BUILD_SOURCE="git:e6ba7dec3d07654074559310376a3ae89da5f4ac"
BUILD_SOURCE_REPO="https://github.com/adoptium/temurin-build.git"
SOURCE_REPO="https://github.com/adoptium/jdk25u.git"
FULL_VERSION="25.0.4.1+1-LTS"
SEMANTIC_VERSION="25.0.4.1+1"
BUILD_INFO="OS: Windows Server 2022 Version: 10.0"
JVM_VARIANT="Hotspot"
JVM_VERSION="25.0.4.1+1-LTS"
IMAGE_TYPE="JDK"

Environment Variables:
JAVA_HOME=C:\Program Files\Eclipse Adoptium\jdk-21.0.4.7-hotspot\
PATH=C:\Program Files\Eclipse Adoptium\jdk-25.0.4.101-hotspot\bin;C:\Program Files (x86)\Razer\ChromaBroadcast\bin;C:\Program Files\Razer\ChromaBroadcast\bin;C:\Program Files\Eclipse Adoptium\jdk-21.0.4.7-hotspot\bin;C:\Program Files\Oculus\Support\oculus-runtime;C:\Program Files\Common Files\Oracle\Java\javapath;C:\Program Files (x86)\Common Files\Oracle\Java\javapath;C:\Windows\system32;C:\Windows;C:\Windows\System32\Wbem;C:\Windows\System32\WindowsPowerShell\v1.0\;C:\Windows\System32\OpenSSH\;C:\Program Files (x86)\NVIDIA Corporation\PhysX\Common;C:\Program Files\WorldPainter;C:\Program Files\Git\cmd;C:\Program Files\NVIDIA Corporation\NVIDIA app\NvDLISR;C:\Program Files\dotnet\;C:\Program Files\Topaz Labs LLC\Topaz Gigapixel AI\bin\;C:\Windows\system32\config\systemprofile\AppData\Local\Microsoft\WindowsApps;C:\Program Files (x86)\Razer Chroma SDK\bin;C:\Program Files\Razer Chroma SDK\bin;C:\Users\jojob\scoop\shims;C:\Users\jojob\AppData\Local\Programs\Python\Python313\Scripts\;C:\Users\jojob\AppData\Local\Programs\Python\Python313\;C:\Users\jojob\AppData\Local\Microsoft\WindowsApps;C:\Users\jojob\AppData\Local\Programs\Microsoft VS Code\bin;C:\mingw64\bin;C:\msys64\ucrt64\bin;C:\Users\jojob\AppData\Local\GitHubDesktop\bin;c:\users\jojob\.local\bin;C:\Users\jojob\.dotnet\tools;C:\Users\jojob\AppData\Local\Programs\Ollama;C:\Users\jojob\scoop\shims;C:\Users\jojob\AppData\Local\Programs\Python\Python313\Scripts\;C:\Users\jojob\AppData\Local\Programs\Python\Python313\;%USERPROFILE%\AppData\Local\Microsoft\WindowsApps;C:\Users\jojob\AppData\Local\Programs\Microsoft VS Code\bin;C:\mingw64\bin;C:\msys64\ucrt64\bin;C:\Users\jojob\AppData\Local\GitHubDesktop\bin;c:\users\jojob\.local\bin;%USERPROFILE%\.dotnet\tools;C:\Users\jojob\AppData\Local\Programs\Ollama;C:\Users\jojob\.aftman\bin;C:\Users\jojob\AppData\Local\Unity\bin
USERNAME=jojob
OS=Windows_NT
PROCESSOR_IDENTIFIER=Intel64 Family 6 Model 154 Stepping 3, GenuineIntel
TMP=C:\Users\jojob\AppData\Local\Temp
TEMP=C:\Users\jojob\AppData\Local\Temp




Compilation memory statistics disabled.

Periodic native trim disabled

---------------  S Y S T E M  ---------------

OS:
 Windows 11 , 64 bit Build 22621 (10.0.22621.5415)
OS uptime: 0 days 4:44 hours
Hyper-V role detected

CPU: total 20 (initial active 20) (10 cores per cpu, 2 threads per core) family 6 model 154 stepping 3 microcode 0x434, cx8, cmov, fxsr, ht, mmx, 3dnowpref, sse, sse2, sse3, ssse3, sse4.1, sse4.2, popcnt, lzcnt, tsc, tscinvbit, avx, avx2, aes, erms, clmul, bmi1, bmi2, adx, sha, fma, vzeroupper, clflush, clflushopt, clwb, hv, serialize, rdtscp, rdpid, fsrm, gfni, f16c, cet_ibt, cet_ss
Processor Information for the first 20 processors :
  Max Mhz: 2300, Current Mhz: 2300, Mhz Limit: 2300

Memory: 4k page, system-wide physical 48779M (25748M free)
TotalPageFile size 51851M (AvailPageFile size 28360M)
current process WorkingSet (physical memory assigned to process): 2542M, peak: 2556M
current process commit charge ("private bytes"): 3084M, peak: 3118M

vm_info: OpenJDK 64-Bit Server VM (25.0.4.1+1-LTS) for windows-amd64 JRE (25.0.4.1+1-LTS), built on 2026-08-18T00:00:00Z with MS VC++ 17.12 (VS2022)

END.
